Unidade Responsável	UASG	Id do item no PCA	Categoria do Item	Identificador da Futura Contratação	Nome da Futura Contratação	Catálogo Utilizado	Classificação do Catálogo	Código da Classificação Superior (Classe/Grupo)	Nome da Classificação Superior (Classe/Grupo)	Código do PDM do Item	Nome do PDM do Item	Código do Item	Descrição do Item	Unidade de Fornecimento	Quantidade Estimada	Valor Unitário Estimado (R$)	Valor Total Estimado (R$)	Valor orçamentário estimado para o exercício (R$)	Data Desejada
ESP-SECRETARIA DA EDUCACAO	990016	58	Material	990016-116/2025	LIVROS PEDAGÓGICOS	Catálogo do Compras.gov.br	Material	7610	LIVROS E FOLHETOS					-	0	0	50000	0	16/01/2025
ESP-SECRETARIA DA EDUCACAO	990016	286	Serviço	990016-240/2025	Manutenção e Reparo Predial das Unidades Escolares	Catálogo do Compras.gov.br	Serviço	545	TIPOS ESPECIAIS DE SERVIÇOS DE CONSTRUÇÃO					-	0	0	5000000	0	05/03/2025
ESP-SECRETARIA DA EDUCACAO	990016	287	Serviço	990016-241/2025	Recarga de Extintores	Catálogo do Compras.gov.br	Serviço	872	SERVIÇOS DE REPARO DE OUTROS BENS					-	0	0	36000	0	05/03/2025
ESP-SECRETARIA DA EDUCACAO	990016	7	Serviço	990016-166/2025	ALIMENTAÇÃO ESCOLAR - TAXA DE ALVARÁ	Catálogo do Compras.gov.br	Serviço	839	OUTROS SERVIÇOS DE NEGÓCIOS, TÉCNICOS E PROFISSIONAIS					-	0	0	4000	0	03/01/2025
ESP-SECRETARIA DA EDUCACAO	990016	20	Serviço	990016-153/2025	LÂMPADAS - DESCARTE E DESCONTAMINAÇÃO	Catálogo do Compras.gov.br	Serviço	942	SERVIÇOS DE ELIMINAÇÃO DE REJEITOS					-	0	0	1300848	0	18/07/2025
ESP-SECRETARIA DA EDUCACAO	990016	6	Material	990016-167/2025	Data Center - Insumos	Catálogo do Compras.gov.br	Material	7025	UNIDADES DE ARMAZENAMENTO DE ENTRADA E SAÍDA DE DADOS					-	0	0	3598378,57	0	10/02/2025
ESP-SECRETARIA DA EDUCACAO	990016	2	Material	990016-170/2025	Rede de Suprimentos - Insumos	Catálogo do Compras.gov.br	Material	9999	ITENS DIVERSOS					-	0	0	250116929	0	06/05/2025
ESP-SECRETARIA DA EDUCACAO	990016	3	Serviço	990016-169/2025	Data Center - Serviços diversos	Catálogo do Compras.gov.br	Serviço	979	OUTROS SERVIÇOS DIVERSOS/MISCELÂNEA					-	0	0	3598378,57	0	07/07/2025
ESP-SECRETARIA DA EDUCACAO	990016	61	Serviço	990016-113/2025	Locação de imóveis dos órgãos centrais, diretorias e unidades escolares	Catálogo do Compras.gov.br	Serviço	721	SERVIÇOS IMOBILIÁRIOS RELATIVOS A LOCAÇÃO OU ARRENDAMENTO					-	0	0	5102185,04	0	09/01/2025
ESP-SECRETARIA DA EDUCACAO	990016	4	Serviço	990016-168/2025	Data Center - Serviços	Catálogo do Compras.gov.br	Serviço	859	OUTROS SERVIÇOS DE SUPORTE					-	0	0	3598378,57	0	07/07/2025
ESP-SECRETARIA DA EDUCACAO	990016	5	Serviço	990016-168/2025	Data Center - Serviços	Catálogo do Compras.gov.br	Serviço	891	SERVIÇOS DE REPRODUÇÃO, PUBLICAÇÃO E IMPRESSÃO					-	0	0	3598378,57	0	07/07/2025
ESP-SECRETARIA DA EDUCACAO	990016	9	Serviço	990016-164/2025	Profissional de Apoio Escolar - Atividades Escolares (PAE-AE)	Catálogo do Compras.gov.br	Serviço	859	OUTROS SERVIÇOS DE SUPORTE					-	0	0	49941406,92	0	09/12/2025
ESP-SECRETARIA DA EDUCACAO	990016	11	Serviço	990016-162/2025	TRANSPORTE - ADMINISTRATIVO ÓRGÃOS CENTRAIS	Catálogo do Compras.gov.br	Serviço	643	SERVIÇOS DE TRANSPORTE RODOVIÁRIO					-	0	0	3400	0	21/02/2025
ESP-SECRETARIA DA EDUCACAO	990016	13	Material	990016-160/2025	Alimentação Escolar Centralizada - ALIMENTOS ESPECIAIS DIETÉTICOS E PREPARADOS ALIMENTÍCIOS	Catálogo do Compras.gov.br	Material	8940	ALIMENTOS ESPECIAIS DIETÉTICOS E PREPARADOS ALIMENTÍCIOS					-	0	0	332437293	0	02/01/2025
ESP-SECRETARIA DA EDUCACAO	990016	15	Material	990016-158/2025	Alimentação Escolar Centralizada - panificação e cereais	Catálogo do Compras.gov.br	Material	8920	PRODUTOS DE PANIFICAÇÃO E CEREAIS					-	0	0	332437293	0	02/01/2025
ESP-SECRETARIA DA EDUCACAO	990016	21	Serviço	990016-152/2025	Processo Seletivo Simplificado (PSS)	Catálogo do Compras.gov.br	Serviço	929	OUTROS SERVIÇOS DE EDUCAÇÃO E TREINAMENTO					-	0	0	12190000	0	14/02/2025
ESP-SECRETARIA DA EDUCACAO	990016	23	Material	990016-150/2025	KIT ESCOLAR	Catálogo do Compras.gov.br	Material	7510	ARTIGOS PARA ESCRITÓRIO					-	0	0	405000000	0	02/01/2025
ESP-SECRETARIA DA EDUCACAO	990016	31	Serviço	990016-142/2025	PRODUÇÃO E EDIÇÃO DE VÍDEO	Catálogo do Compras.gov.br	Serviço	891	SERVIÇOS DE REPRODUÇÃO, PUBLICAÇÃO E IMPRESSÃO					-	0	0	1200761,64	0	17/10/2025
ESP-SECRETARIA DA EDUCACAO	990016	10	Serviço	990016-163/2025	ALIMENTAÇÃO ESCOLAR - MANIPULAÇÃO	Catálogo do Compras.gov.br	Serviço	831	SERVIÇOS DE CONSULTORIA E DE GERÊNCIA/GESTÃO					-	0	0	360000000	0	14/07/2025
ESP-SECRETARIA DA EDUCACAO	990016	14	Material	990016-159/2025	Alimentação Escolar Centralizada - AÇÚCAR, CONFEITOS, CASTANHAS, NOZES E SIMILARES	Catálogo do Compras.gov.br	Material	8925	AÇÚCAR, CONFEITOS, CASTANHAS, NOZES E SIMILARES					-	0	0	332437293	0	02/01/2025
ESP-SECRETARIA DA EDUCACAO	990016	29	Serviço	990016-144/2025	PRODESP - SUPORTE TÉCNICO DES	Catálogo do Compras.gov.br	Serviço	859	OUTROS SERVIÇOS DE SUPORTE					-	0	0	65054483,79	0	25/03/2025
ESP-SECRETARIA DA EDUCACAO	990016	46	Serviço	990016-127/2025	EVENTOS EXTRA CURRICULARES TRANSPORTE	Catálogo do Compras.gov.br	Serviço	643	SERVIÇOS DE TRANSPORTE RODOVIÁRIO					-	0	0	25108155,07	0	07/01/2025
ESP-SECRETARIA DA EDUCACAO	990016	57	Serviço	990016-117/2025	PLATAFORMA DE INGLES - SÍNCRONO	Catálogo do Compras.gov.br	Serviço	859	OUTROS SERVIÇOS DE SUPORTE					-	0	0	90657273,6	0	31/07/2025
ESP-SECRETARIA DA EDUCACAO	990016	95	Serviço	990016-79/2025	ALIMENTACAO ESCOLAR EQUIPAMENTOS DE COZINHA	Catálogo do Compras.gov.br	Serviço	871	SERVIÇOS DE MANUTENÇÃO E REPARO DE PRODUTOS FABRICADOS DE METAL,MAQUINARIA E EQUIPAMENTOS					-	0	0	629605,44	0	03/01/2025
ESP-SECRETARIA DA EDUCACAO	990016	119	Material	990016-55/2025	ALIMENTACAO ESCOLAR UTENSILIOS DE COZINHA	Catálogo do Compras.gov.br	Material	7330	UTENSÍLIOS E FERRAMENTAS MANUAIS DE COZINHA					-	0	0	44092,13	0	03/01/2025
ESP-SECRETARIA DA EDUCACAO	990016	28	Serviço	990016-145/2025	IMPRESSÕES MUNICIPAIS E ESTADUAIS	Catálogo do Compras.gov.br	Serviço	891	SERVIÇOS DE REPRODUÇÃO, PUBLICAÇÃO E IMPRESSÃO					-	0	0	350000	0	11/03/2025
ESP-SECRETARIA DA EDUCACAO	990016	42	Serviço	990016-131/2025	REFORMA E RECUPERAÇÃO DE MOBILIÁRIO - FUNAP	Catálogo do Compras.gov.br	Serviço	951	SERVIÇOS FORNECIDOS POR ORGANIZAÇÕES COMERCIAL,DE EMPREGADORE DE PROFISSIONAIS					-	0	0	18318638,32	0	28/07/2025
ESP-SECRETARIA DA EDUCACAO	990016	48	Serviço	990016-125/2025	EVENTOS EXTRA CURRICULARES SERVICO	Catálogo do Compras.gov.br	Serviço	969	OUTROS SERVIÇOS DE RECREAÇÃO E DIVERSÃO					-	0	0	73904,74	0	07/01/2025
ESP-SECRETARIA DA EDUCACAO	990016	27	Serviço	990016-146/2025	PRODESP - SERVIÇOS ADM E GERENCIAMENTO VOIP	Catálogo do Compras.gov.br	Serviço	831	SERVIÇOS DE CONSULTORIA E DE GERÊNCIA/GESTÃO					-	0	0	8075376,4	0	25/03/2025
ESP-SECRETARIA DA EDUCACAO	990016	32	Serviço	990016-141/2025	GERENCIAMENTO DO BENEFÍCIO - SODEXO	Catálogo do Compras.gov.br	Serviço	859	OUTROS SERVIÇOS DE SUPORTE					-	0	0	698132371,4	0	10/07/2025
ESP-SECRETARIA DA EDUCACAO	990016	39	Serviço	990016-134/2025	FRETES E CARRETOS	Catálogo do Compras.gov.br	Serviço	643	SERVIÇOS DE TRANSPORTE RODOVIÁRIO					-	0	0	183980	0	28/11/2025
ESP-SECRETARIA DA EDUCACAO	990016	78	Serviço	990016-96/2025	MANUTENCAO E SERVICOS DIRETORIAS	Catálogo do Compras.gov.br	Serviço	872	SERVIÇOS DE REPARO DE OUTROS BENS					-	0	0	7807139,51	0	19/02/2025
ESP-SECRETARIA DA EDUCACAO	990016	33	Serviço	990016-140/2025	PUBLICAÇÃO DE EDITAIS	Catálogo do Compras.gov.br	Serviço	891	SERVIÇOS DE REPRODUÇÃO, PUBLICAÇÃO E IMPRESSÃO					-	0	0	50000	0	02/01/2025
ESP-SECRETARIA DA EDUCACAO	990016	36	Material	990016-137/2025	GAS MANIPULACAO DE MERENDA	Catálogo do Compras.gov.br	Material	8120	CILINDROS COMERCIAIS E INDUSTRIAIS PARA GASES					-	0	0	330374,74	0	24/01/2025
ESP-SECRETARIA DA EDUCACAO	990016	40	Material	990016-133/2025	FOLHAS DE SULFITE	Catálogo do Compras.gov.br	Material	9310	PAPÉIS E PAPELÕES					-	0	0	425588,98	0	24/11/2025
ESP-SECRETARIA DA EDUCACAO	990016	43	Serviço	990016-130/2025	EXTENSÃO BOLSAS - INTERCÂMBIO	Catálogo do Compras.gov.br	Serviço	979	OUTROS SERVIÇOS DIVERSOS/MISCELÂNEA					-	0	0	200000000	0	04/08/2025
ESP-SECRETARIA DA EDUCACAO	990016	50	Material	990016-123/2025	EVENTOS EXTRA CURRICULARES PREMIACOES	Catálogo do Compras.gov.br	Material	7810	EQUIPAMENTO PARA ATLETISMO E DESPORTO					-	0	0	338192	0	07/01/2025
ESP-SECRETARIA DA EDUCACAO	990016	51	Material	990016-123/2025	EVENTOS EXTRA CURRICULARES PREMIACOES	Catálogo do Compras.gov.br	Material	8455	DISTINTIVOS E INSÍGNIAS					-	0	0	338192	0	07/01/2025
ESP-SECRETARIA DA EDUCACAO	990016	55	Serviço	990016-119/2025	LIMPEZA PREDIAL UNIDADES ESCOLARES	Catálogo do Compras.gov.br	Serviço	853	SERVIÇOS DE LIMPEZA					-	0	0	455006529	0	09/01/2025
ESP-SECRETARIA DA EDUCACAO	990016	69	Material	990016-105/2025	Alimentação Escolar - Centralizado	Catálogo do Compras.gov.br	Material	8905	CARNES, AVES E PEIXES					-	0	0	332437293	0	02/01/2025
ESP-SECRETARIA DA EDUCACAO	990016	74	Serviço	990016-100/2025	MANUTENÇÃO DE SOM	Catálogo do Compras.gov.br	Serviço	871	SERVIÇOS DE MANUTENÇÃO E REPARO DE PRODUTOS FABRICADOS DE METAL,MAQUINARIA E EQUIPAMENTOS					-	0	0	96000	0	01/04/2025
ESP-SECRETARIA DA EDUCACAO	990016	84	Material	990016-90/2025	MATERIAL PERMANENTE DIRETORIAS	Catálogo do Compras.gov.br	Material	7510	ARTIGOS PARA ESCRITÓRIO					-	0	0	2566021,27	0	15/01/2025
ESP-SECRETARIA DA EDUCACAO	990016	52	Serviço	990016-122/2025	SEGURO PREDIAL DIRETORIAS	Catálogo do Compras.gov.br	Serviço	713	SERVIÇOS DE SEGUROS E DE PENSÕES(EXCETO SERVIÇO DE RESEGURO)EXCETO SERVIÇOS DE SEGURIDADE SOCIAL COMPULSÓRIA					-	0	0	273000	0	30/01/2025
ESP-SECRETARIA DA EDUCACAO	990016	68	Serviço	990016-106/2025	MANUTENCAO DE ELEVADORES DIRETORIAS	Catálogo do Compras.gov.br	Serviço	873	SERVIÇOS DE INSTALAÇÃO(À EXCEÇÃO DA CONSTRUÇÃO)					-	0	0	37992,11	0	01/07/2025
ESP-SECRETARIA DA EDUCACAO	990016	70	Serviço	990016-104/2025	MANUTENCAO DE ELEVADORES UNIDADES ESCOLARES	Catálogo do Compras.gov.br	Serviço	873	SERVIÇOS DE INSTALAÇÃO(À EXCEÇÃO DA CONSTRUÇÃO)					-	0	0	3184229,08	0	31/03/2025
ESP-SECRETARIA DA EDUCACAO	990016	72	Serviço	990016-102/2025	MANUTENÇÃO DE SITE DO CEE	Catálogo do Compras.gov.br	Serviço	859	OUTROS SERVIÇOS DE SUPORTE					-	0	0	31200	0	13/10/2025
ESP-SECRETARIA DA EDUCACAO	990016	83	Material	990016-91/2025	MATERIAL DE CONSUMO DIRETORIAS	Catálogo do Compras.gov.br	Material	7510	ARTIGOS PARA ESCRITÓRIO					-	0	0	1885629,23	0	22/01/2025
ESP-SECRETARIA DA EDUCACAO	990016	85	Material	990016-89/2025	MATERIAL DE CONSUMO UNIDADES ESCOLARES	Catálogo do Compras.gov.br	Material	7510	ARTIGOS PARA ESCRITÓRIO					-	0	0	914872,7	0	22/01/2025
ESP-SECRETARIA DA EDUCACAO	990016	96	Material	990016-78/2025	EVENTOS EXTRA CURRICULARES MATERIAIS ESPORTIVOS	Catálogo do Compras.gov.br	Material	7810	EQUIPAMENTO PARA ATLETISMO E DESPORTO					-	0	0	344158,16	0	07/07/2025
ESP-SECRETARIA DA EDUCACAO	990016	169	Serviço	990016-5/2025	Cuidador	Catálogo do Compras.gov.br	Serviço	859	OUTROS SERVIÇOS DE SUPORTE					-	0	0	713000000	0	03/11/2025
ESP-SECRETARIA DA EDUCACAO	990016	80	Serviço	990016-94/2025	OBRIGAÇÕES TRIBUTÁRIAS - TAXA DE ELEVADOR	Catálogo do Compras.gov.br	Serviço	979	OUTROS SERVIÇOS DIVERSOS/MISCELÂNEA					-	0	0	4000	0	06/01/2025
ESP-SECRETARIA DA EDUCACAO	990016	112	Serviço	990016-62/2025	SERVIÇOS FOTOGRÁFICOS LABORATORIAIS, DIGITAIS	Catálogo do Compras.gov.br	Serviço	838	SERVIÇOS FOTOGRÁFICOS E SERVIÇOS DE REVELAÇÃO/PROCESSAMENTO DE FOTOGRAFIAS					-	0	0	541746	0	13/05/2025
ESP-SECRETARIA DA EDUCACAO	990016	118	Serviço	990016-56/2025	ALIMENTACAO ESCOLAR MANIPULACAO DE MERENDA	Catálogo do Compras.gov.br	Serviço	612	SERVIÇOS DO COMÉRCIO POR ATACADO PRESTADO POR COMISSÃO OU   POR CONTRATO					-	0	0	482870958	0	18/03/2025
ESP-SECRETARIA DA EDUCACAO	990016	126	Serviço	990016-48/2025	AGENTE DE SEGURANÇA NÃO ARMADA	Catálogo do Compras.gov.br	Serviço	852	SERVIÇOS DE INVESTIGAÇÃO E SEGURANÇA					-	0	0	76091865,9	0	03/01/2025
ESP-SECRETARIA DA EDUCACAO	990016	172	Serviço	990016-2/2025	Escola Polo	Catálogo do Compras.gov.br	Serviço	931	SERVIÇOS DE SAÚDE HUMANA					-	0	0	250116929,1	0	12/11/2025
ESP-SECRETARIA DA EDUCACAO	990016	81	Serviço	990016-93/2025	ALIMENTAÇÃO ESCOLAR - ARMAZÉM	Catálogo do Compras.gov.br	Serviço	859	OUTROS SERVIÇOS DE SUPORTE					-	0	0	7995132,24	0	28/11/2025
ESP-SECRETARIA DA EDUCACAO	990016	100	Material	990016-74/2025	Quadros e Certificados de Homenagem	Catálogo do Compras.gov.br	Material	9905	CARTAZES, MOSTRUÁRIOS E PLACAS DE IDENTIFICAÇÃO					-	0	0	222626	0	16/09/2025
ESP-SECRETARIA DA EDUCACAO	990016	121	Serviço	990016-53/2025	PROJETO DE RESTAURAÇÃO DO TEATRO DA SEDE	Catálogo do Compras.gov.br	Serviço	542	SERVIÇOS GERAIS DE CONSTRUÇÃO PARA OBRAS DE ENGENHARIA CIVIL					-	0	0	600000	0	29/05/2025
ESP-SECRETARIA DA EDUCACAO	990016	123	Serviço	990016-51/2025	SARESP + Provão Paulista	Catálogo do Compras.gov.br	Serviço	929	OUTROS SERVIÇOS DE EDUCAÇÃO E TREINAMENTO					-	0	0	120000000	0	23/09/2025
ESP-SECRETARIA DA EDUCACAO	990016	86	Material	990016-88/2025	MATERIAL DE HIGIENE PESSOAL	Catálogo do Compras.gov.br	Material	8530	ARTIGOS PARA HIGIENE PESSOAL					-	0	0	930486,96	0	15/01/2025
ESP-SECRETARIA DA EDUCACAO	990016	140	Serviço	990016-34/2025	TRANSPORTE ESCOLAR - CONTRATO EMTU	Catálogo do Compras.gov.br	Serviço	643	SERVIÇOS DE TRANSPORTE RODOVIÁRIO					-	0	0	320000000	0	02/01/2025
ESP-SECRETARIA DA EDUCACAO	990016	147	Material	990016-27/2025	MATERIAL PERMANENTE	Catálogo do Compras.gov.br	Material	7110	MOBILIÁRIO PARA ESCRITÓRIO					-	0	0	10644731,62	0	24/11/2025
ESP-SECRETARIA DA EDUCACAO	990016	163	Material	990016-11/2025	ARP PRODESP - VIDEOCONFERÊNCIA E PERIFÉRICOS CONSUMO	Catálogo do Compras.gov.br	Material	7010	COMPUTADORES					-	0	0	52000000	0	09/06/2025
ESP-SECRETARIA DA EDUCACAO	990016	92	Serviço	990016-82/2025	FAPEC - PROJETO DE PESQUISA	Catálogo do Compras.gov.br	Serviço	831	SERVIÇOS DE CONSULTORIA E DE GERÊNCIA/GESTÃO					-	0	0	11083446,58	0	31/03/2025
ESP-SECRETARIA DA EDUCACAO	990016	87	Serviço	990016-87/2025	ALIMENTAÇÃO ESCOLAR - GERENCIAMENTO E DISTR.	Catálogo do Compras.gov.br	Serviço	831	SERVIÇOS DE CONSULTORIA E DE GERÊNCIA/GESTÃO					-	0	0	49165116	0	03/01/2025
ESP-SECRETARIA DA EDUCACAO	990016	91	Serviço	990016-83/2025	ALIMENTAÇÃO ESCOLAR - MANIPULAÇÃO	Catálogo do Compras.gov.br	Serviço	632	SERVIÇOS DE FORNECIMENTO DE COMIDA					-	0	0	360000000	0	14/01/2025
ESP-SECRETARIA DA EDUCACAO	990016	93	Material	990016-81/2025	KIT ROBÓTICA	Catálogo do Compras.gov.br	Material	7090	SUPRIMENTOS DE INFORMÁTICA - TIC					-	0	0	60982200	0	13/01/2025
ESP-SECRETARIA DA EDUCACAO	990016	104	Serviço	990016-70/2025	EVENTOS - SERVIÇOS - ORGANIZAÇÃO	Catálogo do Compras.gov.br	Serviço	859	OUTROS SERVIÇOS DE SUPORTE					-	0	0	17147770,1	0	15/08/2025
ESP-SECRETARIA DA EDUCACAO	990016	110	Serviço	990016-64/2025	SERVIÇOS DE TERCEIROS	Catálogo do Compras.gov.br	Serviço	979	OUTROS SERVIÇOS DIVERSOS/MISCELÂNEA					-	0	0	96000	0	04/02/2025
ESP-SECRETARIA DA EDUCACAO	990016	146	Material	990016-28/2025	EVENTOS EXTRA CURRICULARES EQUIPAMENTOS	Catálogo do Compras.gov.br	Material	7810	EQUIPAMENTO PARA ATLETISMO E DESPORTO					-	0	0	34679,1	0	13/06/2025
ESP-SECRETARIA DA EDUCACAO	990016	94	Serviço	990016-80/2025	LICENÇA PARA UTILIZAÇÃO DE SOFTWARE	Catálogo do Compras.gov.br	Serviço	182	SERVIÇOS DE  LICENCIAMENTO E  CONTRATOS DE TRANSFERÊNCIA DE TECNOLOGIA					-	0	0	100000	0	13/01/2025
ESP-SECRETARIA DA EDUCACAO	990016	149	Serviço	990016-25/2025	PUBLICIDADE DE UTILIDADE PÚBLICA	Catálogo do Compras.gov.br	Serviço	836	SERVIÇOS DE PUBLICIDADE					-	0	0	146320000	0	19/11/2025
ESP-SECRETARIA DA EDUCACAO	990016	97	Serviço	990016-77/2025	Olimpíada - Transporte	Catálogo do Compras.gov.br	Serviço	643	SERVIÇOS DE TRANSPORTE RODOVIÁRIO					-	0	0	3324674	0	16/07/2025
ESP-SECRETARIA DA EDUCACAO	990016	99	Material	990016-75/2025	Projetores, telões e suportes - Laboratórios de Enfermagem	Catálogo do Compras.gov.br	Material	6730	EQUIPAMENTO PARA PROJEÇÃO FOTOGRÁFICA					-	0	0	340793,31	0	05/02/2025
ESP-SECRETARIA DA EDUCACAO	990016	101	Serviço	990016-73/2025	SEGURO VEICULAR OBRIGATÓRIO E DPVAT	Catálogo do Compras.gov.br	Serviço	713	SERVIÇOS DE SEGUROS E DE PENSÕES(EXCETO SERVIÇO DE RESEGURO)EXCETO SERVIÇOS DE SEGURIDADE SOCIAL COMPULSÓRIA					-	0	0	160000	0	23/01/2025
ESP-SECRETARIA DA EDUCACAO	990016	133	Material	990016-41/2025	Ensino Médio Profissional - Infraestrutura laboratórios de farmacia e enfermagem	Catálogo do Compras.gov.br	Material	6910	ACESSÓRIOS PARA TREINAMENTO					-	0	0	37304500	0	22/01/2025
ESP-SECRETARIA DA EDUCACAO	990016	159	Serviço	990016-15/2025	ATENDIMENTO ESPECIALIZADO SERVICO	Catálogo do Compras.gov.br	Serviço	839	OUTROS SERVIÇOS DE NEGÓCIOS, TÉCNICOS E PROFISSIONAIS					-	0	0	773118,81	0	11/08/2025
ESP-SECRETARIA DA EDUCACAO	990016	102	Serviço	990016-72/2025	EVENTOS EXTRA CURRICULARES LANCHES	Catálogo do Compras.gov.br	Serviço	612	SERVIÇOS DO COMÉRCIO POR ATACADO PRESTADO POR COMISSÃO OU   POR CONTRATO					-	0	0	7077413,74	0	07/07/2025
ESP-SECRETARIA DA EDUCACAO	990016	120	Material	990016-54/2025	ALIMENTACAO ESCOLAR UTENSILIOS DE COZINHA	Catálogo do Compras.gov.br	Material	7210	UTENSÍLIOS DOMÉSTICOS					-	0	0	44092,13	0	03/01/2025
ESP-SECRETARIA DA EDUCACAO	990016	127	Serviço	990016-47/2025	EDITORAÇÃO/DIAGRAMAÇÃO E TRATAMENTO/VETORIZAÇÃO DE IMAGENS DOS MATERIAIS	Catálogo do Compras.gov.br	Serviço	839	OUTROS SERVIÇOS DE NEGÓCIOS, TÉCNICOS E PROFISSIONAIS					-	0	0	350000	0	09/05/2025
ESP-SECRETARIA DA EDUCACAO	990016	111	Serviço	990016-63/2025	Ensino Médio Profissional - Processo Seletivo Simplificado Professores	Catálogo do Compras.gov.br	Serviço	929	OUTROS SERVIÇOS DE EDUCAÇÃO E TREINAMENTO					-	0	0	5500000	0	06/01/2025
ESP-SECRETARIA DA EDUCACAO	990016	115	Serviço	990016-59/2025	SISTEMA DE ROTEIRIZAÇÃO	Catálogo do Compras.gov.br	Serviço	182	SERVIÇOS DE  LICENCIAMENTO E  CONTRATOS DE TRANSFERÊNCIA DE TECNOLOGIA					-	0	0	44550000	0	08/08/2025
ESP-SECRETARIA DA EDUCACAO	990016	117	Serviço	990016-57/2025	SOFTWARE DE GERENCIAMENTO	Catálogo do Compras.gov.br	Serviço	182	SERVIÇOS DE  LICENCIAMENTO E  CONTRATOS DE TRANSFERÊNCIA DE TECNOLOGIA					-	0	0	30000000	0	30/06/2025
ESP-SECRETARIA DA EDUCACAO	990016	122	Serviço	990016-52/2025	Intercâmbio - Prontos Pro Mundo	Catálogo do Compras.gov.br	Serviço	979	OUTROS SERVIÇOS DIVERSOS/MISCELÂNEA					-	0	0	150000000	0	10/06/2025
ESP-SECRETARIA DA EDUCACAO	990016	124	Material	990016-50/2025	Olímpiada - Medalhas e Camisetas	Catálogo do Compras.gov.br	Material	8455	DISTINTIVOS E INSÍGNIAS					-	0	0	5896091,5	0	26/06/2025
ESP-SECRETARIA DA EDUCACAO	990016	129	Serviço	990016-45/2025	DESENVOLVIMENTO DE PROFISSIONAIS DA EDUCAÇÃO	Catálogo do Compras.gov.br	Serviço	929	OUTROS SERVIÇOS DE EDUCAÇÃO E TREINAMENTO					-	0	0	58011617,85	0	10/02/2025
ESP-SECRETARIA DA EDUCACAO	990016	138	Serviço	990016-36/2025	TRANSPORTE DE AGUA POTAVEL	Catálogo do Compras.gov.br	Serviço	979	OUTROS SERVIÇOS DIVERSOS/MISCELÂNEA					-	0	0	166145,56	0	06/01/2025
ESP-SECRETARIA DA EDUCACAO	990016	166	Serviço	990016-8/2025	OLIMPÍADA DE MATEMÁTICA E PORTUGUÊS	Catálogo do Compras.gov.br	Serviço	929	OUTROS SERVIÇOS DE EDUCAÇÃO E TREINAMENTO					-	0	0	60115105,56	0	08/12/2025
ESP-SECRETARIA DA EDUCACAO	990016	168	Serviço	990016-6/2025	OLIMPÍADA DE REDAÇÃO	Catálogo do Compras.gov.br	Serviço	929	OUTROS SERVIÇOS DE EDUCAÇÃO E TREINAMENTO					-	0	0	2000000	0	08/12/2025
ESP-SECRETARIA DA EDUCACAO	990016	170	Serviço	990016-4/2025	PROFISSIONAL DE ATEN. ESPECIALIZADO - PAEE	Catálogo do Compras.gov.br	Serviço	929	OUTROS SERVIÇOS DE EDUCAÇÃO E TREINAMENTO					-	0	0	120000000	0	03/12/2025
ESP-SECRETARIA DA EDUCACAO	990016	139	Serviço	990016-35/2025	CONFECÇÃO DE CARIMBOS	Catálogo do Compras.gov.br	Serviço	893	SERVIÇOS DE MANUFATURA DE FUNDIDOS,CARIMBOS,MOLDES,EM METAL OU SIMILAR					-	0	0	16580,4	0	02/12/2025
ESP-SECRETARIA DA EDUCACAO	990016	145	Material	990016-29/2025	EVENTOS - MATERIAL DE CONSUMO - ALIMENTAÇÃO	Catálogo do Compras.gov.br	Material	8710	FORRAGENS E ALIMENTOS					-	0	0	38362363,5	0	22/01/2025
ESP-SECRETARIA DA EDUCACAO	990016	153	Serviço	990016-21/2025	PROGRAMA MULTIPLICA	Catálogo do Compras.gov.br	Serviço	979	OUTROS SERVIÇOS DIVERSOS/MISCELÂNEA					-	0	0	46431120	0	26/11/2025
ESP-SECRETARIA DA EDUCACAO	990016	148	Serviço	990016-26/2025	KIT LANCHE	Catálogo do Compras.gov.br	Serviço	632	SERVIÇOS DE FORNECIMENTO DE COMIDA					-	0	0	17740350	0	25/07/2025
ESP-SECRETARIA DA EDUCACAO	990016	154	Serviço	990016-20/2025	Serviço de transporte especializado	Catálogo do Compras.gov.br	Serviço	643	SERVIÇOS DE TRANSPORTE RODOVIÁRIO					-	0	0	7491149	0	31/01/2025
ESP-SECRETARIA DA EDUCACAO	990016	156	Serviço	990016-18/2025	Locação de imóvel/espaço - Encontro com Diretores	Catálogo do Compras.gov.br	Serviço	721	SERVIÇOS IMOBILIÁRIOS RELATIVOS A LOCAÇÃO OU ARRENDAMENTO					-	0	0	2071237,5	0	14/11/2025
ESP-SECRETARIA DA EDUCACAO	990016	157	Serviço	990016-17/2025	Serviço de apoio escolar especializado	Catálogo do Compras.gov.br	Serviço	929	OUTROS SERVIÇOS DE EDUCAÇÃO E TREINAMENTO					-	0	0	41595355,62	0	31/01/2025
ESP-SECRETARIA DA EDUCACAO	990016	162	Serviço	990016-12/2025	Assistente Social (Ass. Formal)	Catálogo do Compras.gov.br	Serviço	933	SERVIÇOS SOCIAIS					-	0	0	198850080	0	17/02/2025
ESP-SECRETARIA DA EDUCACAO	990016	158	Material	990016-16/2025	Material Socioemocional	Catálogo do Compras.gov.br	Material	7820	JOGOS, BRINQUEDOS E ARTIGOS CORRELATOS COM RODAS					-	0	0	567385000	0	14/11/2025
ESP-SECRETARIA DA EDUCACAO	990016	161	Material	990016-13/2025	Atendimento Especializado Equipamentos	Catálogo do Compras.gov.br	Serviço	839	OUTROS SERVIÇOS DE NEGÓCIOS, TÉCNICOS E PROFISSIONAIS					-	0	0	9971,68	0	11/08/2025
ESP-SECRETARIA DA EDUCACAO	990016	167	Serviço	990016-7/2025	Aluno Monitor	Catálogo do Compras.gov.br	Serviço	929	OUTROS SERVIÇOS DE EDUCAÇÃO E TREINAMENTO					-	0	0	10000000	0	12/05/2025
ESP-SECRETARIA DA EDUCACAO	990016	174	Serviço	990016-172/2025	Treinamento de Liderança para os Dirigentes Regionais de Ensino	Catálogo do Compras.gov.br	Serviço	929	OUTROS SERVIÇOS DE EDUCAÇÃO E TREINAMENTO			21180	TREINAMENTO NA ÁREA DE LIDERANÇA	-	104	8423,08	876000,32	0	03/02/2025
ESP-SECRETARIA DA EDUCACAO	990016	175	Material	990016-173/2025	Compra de veículos	Catálogo do Compras.gov.br	Material	2310	VEÍCULOS MOTORIZADOS DE PASSAGEIROS					-	0	0	227388500	0	18/02/2025
ESP-SECRETARIA DA EDUCACAO	990016	184	Serviço	990016-228/2025	Transporte Escolar	Catálogo do Compras.gov.br	Serviço	679	SERVIÇOS AUXILIARES E OUTROS SERVIÇOS DE TRANSPORTE AUXILIAR					-	0	0	632186723,1	0	03/02/2025
ESP-SECRETARIA DA EDUCACAO	990016	213	Serviço	990016-208/2025	EJATEC	Catálogo do Compras.gov.br	Serviço	929	OUTROS SERVIÇOS DE EDUCAÇÃO E TREINAMENTO					-	0	0	10000000	0	01/04/2025
ESP-SECRETARIA DA EDUCACAO	990016	240	Soluções de TIC	990016-181/2025	Notebooks Educacionais	Catálogo do Compras.gov.br	Material	7010	COMPUTADORES					-	0	0	680000000	0	05/03/2025
ESP-SECRETARIA DA EDUCACAO	990016	246	Material	990016-175/2025	Plataformas de Carregamento Móveis	Catálogo do Compras.gov.br	Material	3920	EQUIPAMENTOS NÃO AUTOPROPULSIONADO PARA MOVIMENTAÇÃO  DE  MATERIAIS					-	0	0	12000000	0	05/03/2025
ESP-SECRETARIA DA EDUCACAO	990016	252	Serviço	990016-148/2025	PRODESP - DESENVOLVIMENTO E NUVEM CMSP	Catálogo do Compras.gov.br	Serviço	162	SERVIÇOS  DE  GERENCIAMENTO  EM TECNOLOGIA DA INFORMAÇÃO  E COMUNICAÇÃO (TIC)					-	0	0	73332262,8	0	31/12/2025
ESP-SECRETARIA DA EDUCACAO	990016	254	Serviço	990016-143/2025	GERENCIAMENTO DO BENEFÍCIO - VALE REFEIÇÃO	Catálogo do Compras.gov.br	Serviço	859	OUTROS SERVIÇOS DE SUPORTE					-	0	0	21600000	0	10/07/2025
ESP-SECRETARIA DA EDUCACAO	990016	269	Material	990016-42/2025	DADOS REVERSOS PATROCINADOS - VIVO - CMSP	Catálogo do Compras.gov.br	Serviço	141	SERVIÇOS DE TELEFONIA  FIXA COMUTADA  (STFC),  TELECOMUNICA-ÇÕES MÓVEIS (SMP) E TELECOMUNICAÇÕES SATELITAIS					-	0	0	9116071,56	0	01/04/2025
ESP-SECRETARIA DA EDUCACAO	990016	206	Material	990016-215/2025	Ensino Médio Profissional - Infraestrutura laboratórios de farmacia	Catálogo do Compras.gov.br	Material	6640	EQUIPAMENTOS E ARTIGOS DE LABORATÓRIO					-	0	0	17000000	0	05/03/2025
ESP-SECRETARIA DA EDUCACAO	990016	186	Serviço	990016-226/2025	TELEFONIA FIXA UNIDADES ESCOLARES	Catálogo do Compras.gov.br	Serviço	141	SERVIÇOS DE TELEFONIA  FIXA COMUTADA  (STFC),  TELECOMUNICA-ÇÕES MÓVEIS (SMP) E TELECOMUNICAÇÕES SATELITAIS					-	0	0	8565703,28	0	03/02/2025
ESP-SECRETARIA DA EDUCACAO	990016	187	Material	990016-225/2025	Televisores - Solução audiovisual e fornecimento de equipamentos tecnológicos	Catálogo do Compras.gov.br	Material	7730	FONÓGRAFOS, RÁDIOS E TELEVISORES DE TIPO DOMÉSTICO					-	0	0	275200000	0	01/07/2025
ESP-SECRETARIA DA EDUCACAO	990016	189	Serviço	990016-223/2025	Pontos de Acesso, rede local sem fio (WLAN)	Catálogo do Compras.gov.br	Material	7050	EQUIPAMENTOS DE REDE DE TIC - LOCAL E REMOTA					-	0	0	44000000	0	01/07/2025
ESP-SECRETARIA DA EDUCACAO	990016	191	Serviço	990016-221/2025	Sanitização, desratização e dedetização	Catálogo do Compras.gov.br	Serviço	943	SERVIÇOS DE SANEAMENTO E SERVIÇOS SIMILARES					-	0	0	105444	0	30/06/2025
ESP-SECRETARIA DA EDUCACAO	990016	210	Serviço	990016-211/2025	EMPREGABILIDADE	Catálogo do Compras.gov.br	Serviço	929	OUTROS SERVIÇOS DE EDUCAÇÃO E TREINAMENTO					-	0	0	80000000	0	09/05/2025
ESP-SECRETARIA DA EDUCACAO	990016	188	Material	990016-224/2025	Suporte - Solução audiovisual e fornecimento de equipamentos tecnológicos	Catálogo do Compras.gov.br	Material	7105	MOBILIÁRIO DOMÉSTICO					-	0	0	42240000	0	01/07/2025
ESP-SECRETARIA DA EDUCACAO	990016	190	Serviço	990016-222/2025	COMUNICAÇÃO MULTIMIDIA, DE ACESSO À INTERNET E DE TRÂNSITO INTERNET	Catálogo do Compras.gov.br	Serviço	142	SERVIÇOS DE COMUNICAÇÃO DE DADOS					-	0	0	128399975	0	01/08/2025
ESP-SECRETARIA DA EDUCACAO	990016	209	Serviço	990016-212/2025	Ensino Médio Profissional - Serviço de Agente Integrador	Catálogo do Compras.gov.br	Serviço	929	OUTROS SERVIÇOS DE EDUCAÇÃO E TREINAMENTO					-	0	0	9000000	0	30/01/2025
ESP-SECRETARIA DA EDUCACAO	990016	211	Serviço	990016-210/2025	PRESTAÇÃO DE SERVIÇO TELEFÔNICO FIXO COMUTADO (STFC) NO ÂMBITO DO AMBIENTE DE INTERNET-INTRAGOV VOIP	Catálogo do Compras.gov.br	Serviço	141	SERVIÇOS DE TELEFONIA  FIXA COMUTADA  (STFC),  TELECOMUNICA-ÇÕES MÓVEIS (SMP) E TELECOMUNICAÇÕES SATELITAIS					-	0	0	50400,73	0	31/12/2025
ESP-SECRETARIA DA EDUCACAO	990016	227	Serviço	990016-194/2025	Aquisição licenças de software para gerenciamento centralizado de firewall, incluindo o suporte técn	Catálogo do Compras.gov.br	Serviço	182	SERVIÇOS DE  LICENCIAMENTO E  CONTRATOS DE TRANSFERÊNCIA DE TECNOLOGIA					-	0	0	99144984,3	0	11/03/2025
ESP-SECRETARIA DA EDUCACAO	990016	234	Soluções de TIC	990016-187/2025	Switches, incluindo os serviços de instalação, configuração, suporte técnico e garantia	Catálogo do Compras.gov.br	Material	7050	EQUIPAMENTOS DE REDE DE TIC - LOCAL E REMOTA					-	0	0	30000000	0	05/03/2025
ESP-SECRETARIA DA EDUCACAO	990016	238	Soluções de TIC	990016-183/2025	Tablets	Catálogo do Compras.gov.br	Material	7010	COMPUTADORES					-	0	0	80000000	0	01/07/2025
ESP-SECRETARIA DA EDUCACAO	990016	250	Serviço	990016-151/2025	Processo Seletivo Simplificado (PSS) - Profissional	Catálogo do Compras.gov.br	Serviço	851	SERVIÇOS DE AGÊNCIAS DE EMPREGOS E FORNECIMENTO DE PESSOAL					-	0	0	3000000	0	01/07/2025
ESP-SECRETARIA DA EDUCACAO	990016	192	Serviço	990016-220/2025	PASSAGENS TERRESTRES	Catálogo do Compras.gov.br	Serviço	643	SERVIÇOS DE TRANSPORTE RODOVIÁRIO					-	0	0	1000000	0	03/02/2025
ESP-SECRETARIA DA EDUCACAO	990016	215	Serviço	990016-206/2025	Produção e Impressão de livro pedagógico inclusivos para sala de recurso	Catálogo do Compras.gov.br	Serviço	891	SERVIÇOS DE REPRODUÇÃO, PUBLICAÇÃO E IMPRESSÃO					-	0	0	320000	0	10/07/2025
ESP-SECRETARIA DA EDUCACAO	990016	242	Soluções de TIC	990016-179/2025	Microcomputador	Catálogo do Compras.gov.br	Material	7010	COMPUTADORES					-	0	0	86400000	0	01/07/2025
ESP-SECRETARIA DA EDUCACAO	990016	193	Material	990016-218/2025	Alimentação Escolar - Centralizada	Catálogo do Compras.gov.br	Material	8950	CONDIMENTOS E PRODUTOS CORRELATOS					-	0	0	332437293	0	03/02/2025
ESP-SECRETARIA DA EDUCACAO	990016	194	Material	990016-218/2025	Alimentação Escolar - Centralizada	Catálogo do Compras.gov.br	Material	8915	FRUTAS, VERDURAS E LEGUMES					-	0	0	342876197,7	0	03/02/2025
ESP-SECRETARIA DA EDUCACAO	990016	195	Material	990016-218/2025	Alimentação Escolar - Centralizada	Catálogo do Compras.gov.br	Material	8920	PRODUTOS DE PANIFICAÇÃO E CEREAIS					-	0	0	158689626,5	0	03/02/2025
ESP-SECRETARIA DA EDUCACAO	990016	196	Material	990016-218/2025	Alimentação Escolar - Centralizada	Catálogo do Compras.gov.br	Material	8940	ALIMENTOS ESPECIAIS DIETÉTICOS E PREPARADOS ALIMENTÍCIOS					-	0	0	1115431	0	03/02/2025
ESP-SECRETARIA DA EDUCACAO	990016	197	Material	990016-218/2025	Alimentação Escolar - Centralizada	Catálogo do Compras.gov.br	Material	8905	CARNES, AVES E PEIXES					-	0	0	396342802	0	03/02/2025
ESP-SECRETARIA DA EDUCACAO	990016	198	Material	990016-218/2025	Alimentação Escolar - Centralizada	Catálogo do Compras.gov.br	Material	8950	CONDIMENTOS E PRODUTOS CORRELATOS					-	0	0	1848706	0	03/02/2025
ESP-SECRETARIA DA EDUCACAO	990016	199	Material	990016-218/2025	Alimentação Escolar - Centralizada	Catálogo do Compras.gov.br	Material	8925	AÇÚCAR, CONFEITOS, CASTANHAS, NOZES E SIMILARES					-	0	0	6590750	0	03/02/2025
ESP-SECRETARIA DA EDUCACAO	990016	200	Material	990016-218/2025	Alimentação Escolar - Centralizada	Catálogo do Compras.gov.br	Material	8945	ÓLEOS E GORDURAS COMESTÍVEIS					-	0	0	6232995	0	03/02/2025
ESP-SECRETARIA DA EDUCACAO	990016	201	Material	990016-218/2025	Alimentação Escolar - Centralizada	Catálogo do Compras.gov.br	Material	8960	BEBIDAS NÃO ALCOÓLICAS					-	0	0	36968638,03	0	03/02/2025
ESP-SECRETARIA DA EDUCACAO	990016	202	Material	990016-218/2025	Alimentação Escolar - Centralizada	Catálogo do Compras.gov.br	Material	8910	OVOS E LATICÍNIOS					-	0	0	153493221	0	03/02/2025
ESP-SECRETARIA DA EDUCACAO	990016	203	Material	990016-218/2025	Alimentação Escolar - Centralizada	Catálogo do Compras.gov.br	Material	8955	CAFÉ, CHÁ E CHOCOLATE					-	0	0	6590750	0	03/02/2025
ESP-SECRETARIA DA EDUCACAO	990016	239	Soluções de TIC	990016-182/2025	Aquisição de Notebooks Educacionais	Catálogo do Compras.gov.br	Material	7010	COMPUTADORES					-	0	0	281600000	0	05/03/2025
ESP-SECRETARIA DA EDUCACAO	990016	243	Material	990016-178/2025	Apresentador Multimídia	Catálogo do Compras.gov.br	Material	6730	EQUIPAMENTO PARA PROJEÇÃO FOTOGRÁFICA					-	0	0	1280000	0	01/07/2025
ESP-SECRETARIA DA EDUCACAO	990016	249	Serviço	990016-154/2025	PROCESSO SELETIVO SIMPL. DE PEB I E/OU PEB II	Catálogo do Compras.gov.br	Serviço	851	SERVIÇOS DE AGÊNCIAS DE EMPREGOS E FORNECIMENTO DE PESSOAL					-	0	0	10000000	0	01/07/2025
ESP-SECRETARIA DA EDUCACAO	990016	274	Material	990016-14/2025	Peças de ar condicionado	Catálogo do Compras.gov.br	Material	4120	EQUIPAMENTO DE AR CONDICIONADO					-	0	0	300000	0	19/05/2025
ESP-SECRETARIA DA EDUCACAO	990016	204	Serviço	990016-217/2025	EVENTOS - SERVIÇOS - HOSPEDAGEM - ENSINO MÉDIO	Catálogo do Compras.gov.br	Serviço	631	SERVIÇOS DE ALOJAMENTO					-	0	0	104800	0	01/04/2025
ESP-SECRETARIA DA EDUCACAO	990016	205	Material	990016-216/2025	Ensino Médio Profissional - Infraestrutura laboratórios de enfermagem	Catálogo do Compras.gov.br	Material	6910	ACESSÓRIOS PARA TREINAMENTO					-	0	0	56500000	0	05/03/2025
ESP-SECRETARIA DA EDUCACAO	990016	214	Serviço	990016-207/2025	prestação de serviços em Baixa Plataforma para fornecimento de Infraestrutura Virtualizada (IaaS).	Catálogo do Compras.gov.br	Serviço	162	SERVIÇOS  DE  GERENCIAMENTO  EM TECNOLOGIA DA INFORMAÇÃO  E COMUNICAÇÃO (TIC)					-	0	0	4622968,82	0	25/09/2025
ESP-SECRETARIA DA EDUCACAO	990016	219	Material	990016-202/2025	Café para os órgãos centrais	Catálogo do Compras.gov.br	Material	8955	CAFÉ, CHÁ E CHOCOLATE					-	0	0	120000	0	30/06/2025
ESP-SECRETARIA DA EDUCACAO	990016	207	Material	990016-214/2025	Ensino Médio Profissional - Infraestrutura laboratórios tecnologia	Catálogo do Compras.gov.br	Material	6640	EQUIPAMENTOS E ARTIGOS DE LABORATÓRIO					-	0	0	38277847,93	0	01/04/2025
ESP-SECRETARIA DA EDUCACAO	990016	220	Serviço	990016-201/2025	Plataforma de Gestão Integrada para Educação Especial - Escolas Especializadas - OSC	Catálogo do Compras.gov.br	Serviço	182	SERVIÇOS DE  LICENCIAMENTO E  CONTRATOS DE TRANSFERÊNCIA DE TECNOLOGIA					-	0	0	9950000	0	31/07/2025
ESP-SECRETARIA DA EDUCACAO	990016	223	Serviço	990016-198/2025	PRESTAÇÃO DE SERVIÇO DE VALOR ADICIONADO (SVA) NO ÂMBITO DO AMBIENTE DE INTERNET - INTRAGOV VOIP II.	Catálogo do Compras.gov.br	Serviço	166	SERVIÇOS DE MANUTENÇÃO E INSTALAÇÃO DE EQUIPAMENTOS DE TIC					-	0	0	82720,32	0	31/12/2025
ESP-SECRETARIA DA EDUCACAO	990016	208	Serviço	990016-213/2025	Atendimento Educacional Especializado (AEE)	Catálogo do Compras.gov.br	Serviço	831	SERVIÇOS DE CONSULTORIA E DE GERÊNCIA/GESTÃO					-	0	0	400000	0	01/04/2025
ESP-SECRETARIA DA EDUCACAO	990016	224	Serviço	990016-197/2025	Implementação de processo de matrícula digital com geração de documentos nato-digitais.	Catálogo do Compras.gov.br	Serviço	168	SERVIÇOS AUXILIARES DE TECNOLOGIA DA INFORMAÇÃO  E  COMUNICAÇÃO (TIC)					-	0	0	3300000	0	01/07/2025
ESP-SECRETARIA DA EDUCACAO	990016	233	Serviço	990016-188/2025	Prestação de serviços de pesquisa e aconselhamento imparcial e apoio às decisões estratégicas.	Catálogo do Compras.gov.br	Serviço	831	SERVIÇOS DE CONSULTORIA E DE GERÊNCIA/GESTÃO					-	0	0	2089100,04	0	31/12/2025
ESP-SECRETARIA DA EDUCACAO	990016	237	Soluções de TIC	990016-184/2025	Scanners de alta resolução para digitalização e armazenamento eletrônico de documentos	Catálogo do Compras.gov.br	Material	7040	EQUIPAMENTOS DE ENTRADA DE DADOS					-	0	0	2550000	0	01/07/2025
ESP-SECRETARIA DA EDUCACAO	990016	241	Serviço	990016-180/2025	SAM - SISTEMA ADM. DE MATERIAIS - ESTOQUE	Catálogo do Compras.gov.br	Serviço	162	SERVIÇOS  DE  GERENCIAMENTO  EM TECNOLOGIA DA INFORMAÇÃO  E COMUNICAÇÃO (TIC)					-	0	0	380403,96	0	10/09/2025
ESP-SECRETARIA DA EDUCACAO	990016	212	Serviço	990016-209/2025	serviços de processamento de dados em Ambiente Mainframe no Data Center Prodesp, armazenamento de da	Catálogo do Compras.gov.br	Serviço	162	SERVIÇOS  DE  GERENCIAMENTO  EM TECNOLOGIA DA INFORMAÇÃO  E COMUNICAÇÃO (TIC)					-	0	0	3532397,4	0	18/07/2025
ESP-SECRETARIA DA EDUCACAO	990016	216	Serviço	990016-205/2025	SERVIÇOS TÉCNICOS CONTÍNUOS DE OPERAÇÃO DAS TRANSMISSÕES E OPERAÇÃO DE EDIÇÃO/FORMATAÇÃO DE CONTEÚDO	Catálogo do Compras.gov.br	Serviço	162	SERVIÇOS  DE  GERENCIAMENTO  EM TECNOLOGIA DA INFORMAÇÃO  E COMUNICAÇÃO (TIC)					-	0	0	24992018,96	0	02/09/2025
ESP-SECRETARIA DA EDUCACAO	990016	222	Serviço	990016-199/2025	Implantação do Programa NOVA EJA (Curso EAD)	Catálogo do Compras.gov.br	Serviço	929	OUTROS SERVIÇOS DE EDUCAÇÃO E TREINAMENTO					-	0	0	1032000	0	05/02/2025
ESP-SECRETARIA DA EDUCACAO	990016	226	Serviço	990016-195/2025	Escola Especializada para atendimento de aluno com TEA (Ordenador DE)	Catálogo do Compras.gov.br	Serviço	929	OUTROS SERVIÇOS DE EDUCAÇÃO E TREINAMENTO					-	0	0	52432907,7	0	28/02/2025
ESP-SECRETARIA DA EDUCACAO	990016	235	Soluções de TIC	990016-186/2025	Switches, incluindo os serviços de instalação, configuração, suporte técnico e garantia	Catálogo do Compras.gov.br	Material	7050	EQUIPAMENTOS DE REDE DE TIC - LOCAL E REMOTA					-	0	0	13000000	0	05/03/2025
ESP-SECRETARIA DA EDUCACAO	990016	255	Serviço	990016-126/2025	SAM - SISTEMA ADM. DE MATERIAIS - PATRIMÔNIO	Catálogo do Compras.gov.br	Serviço	162	SERVIÇOS  DE  GERENCIAMENTO  EM TECNOLOGIA DA INFORMAÇÃO  E COMUNICAÇÃO (TIC)					-	0	0	380403,96	0	10/09/2025
ESP-SECRETARIA DA EDUCACAO	990016	266	Material	990016-49/2025	Olímpiada - Medalhas e Camisetas	Catálogo do Compras.gov.br	Material	8415	VESTUÁRIO PARA FINS ESPECIAIS					-	0	0	12350487,14	0	10/03/2025
ESP-SECRETARIA DA EDUCACAO	990016	217	Material	990016-204/2025	Compra de Açúcar para os Órgãos Centrais	Catálogo do Compras.gov.br	Material	8925	AÇÚCAR, CONFEITOS, CASTANHAS, NOZES E SIMILARES					-	0	0	80000	0	30/06/2025
ESP-SECRETARIA DA EDUCACAO	990016	244	Material	990016-177/2025	Câmera Videoconferência	Catálogo do Compras.gov.br	Material	5836	EQUIPAMENTOS PARA GRAVAÇÃO E REPRODUÇÃO DE VÍDEO					-	0	0	25600000	0	01/07/2025
ESP-SECRETARIA DA EDUCACAO	990016	256	Serviço	990016-115/2025	PLATAFORMA DE INGLÊS - ASSÍNCRONA	Catálogo do Compras.gov.br	Serviço	131	SERVIÇOS DE COMPUTAÇÃO EM NUVEM					-	0	0	60824016	0	31/12/2025
ESP-SECRETARIA DA EDUCACAO	990016	218	Soluções de TIC	990016-203/2025	Plataforma digital inovadora voltada à promoção da acessibilidade curricular e ao suporte	Catálogo do Compras.gov.br	Serviço	182	SERVIÇOS DE  LICENCIAMENTO E  CONTRATOS DE TRANSFERÊNCIA DE TECNOLOGIA					-	0	0	11000000	0	02/05/2025
ESP-SECRETARIA DA EDUCACAO	990016	221	Serviço	990016-200/2025	serviços de fornecimento de software de Customer Relationship Management (CRM).	Catálogo do Compras.gov.br	Serviço	162	SERVIÇOS  DE  GERENCIAMENTO  EM TECNOLOGIA DA INFORMAÇÃO  E COMUNICAÇÃO (TIC)					-	0	0	14300490,37	0	31/12/2025
ESP-SECRETARIA DA EDUCACAO	990016	231	Serviço	990016-190/2025	Contratação de serviços de Instituição Especializada em Ciência de Dados	Catálogo do Compras.gov.br	Serviço	831	SERVIÇOS DE CONSULTORIA E DE GERÊNCIA/GESTÃO					-	0	0	14664873,96	0	06/03/2025
ESP-SECRETARIA DA EDUCACAO	990016	225	Serviço	990016-196/2025	Serviços de licenciamento perpétuo, atualização contínua e implementação de solução de gerenciamento	Catálogo do Compras.gov.br	Serviço	182	SERVIÇOS DE  LICENCIAMENTO E  CONTRATOS DE TRANSFERÊNCIA DE TECNOLOGIA					-	0	0	19984460	0	31/12/2025
ESP-SECRETARIA DA EDUCACAO	990016	265	Serviço	990016-67/2025	ETIQUETA DE PATRIMÔNIO	Catálogo do Compras.gov.br	Serviço	891	SERVIÇOS DE REPRODUÇÃO, PUBLICAÇÃO E IMPRESSÃO					-	0	0	1000000	0	28/11/2025
ESP-SECRETARIA DA EDUCACAO	990016	275	Serviço	990016-10/2025	Ata de Registro de Preços - Transporte	Catálogo do Compras.gov.br	Serviço	679	SERVIÇOS AUXILIARES E OUTROS SERVIÇOS DE TRANSPORTE AUXILIAR					-	0	0	293316893,8	0	03/11/2025
ESP-SECRETARIA DA EDUCACAO	990016	228	Serviço	990016-193/2025	Contratação de serviços de atualização de licenças de software Microsoft,	Catálogo do Compras.gov.br	Serviço	182	SERVIÇOS DE  LICENCIAMENTO E  CONTRATOS DE TRANSFERÊNCIA DE TECNOLOGIA					-	0	0	34781261,19	0	31/12/2025
ESP-SECRETARIA DA EDUCACAO	990016	251	Serviço	990016-149/2025	PRODESP - DESENVOLVIMENTO DE SISTEMAS	Catálogo do Compras.gov.br	Serviço	162	SERVIÇOS  DE  GERENCIAMENTO  EM TECNOLOGIA DA INFORMAÇÃO  E COMUNICAÇÃO (TIC)					-	0	0	129826221,5	0	15/07/2025
ESP-SECRETARIA DA EDUCACAO	990016	268	Material	990016-43/2025	DADOS REVERSOS PATROCINADOS - TIM - CMSP	Catálogo do Compras.gov.br	Serviço	141	SERVIÇOS DE TELEFONIA  FIXA COMUTADA  (STFC),  TELECOMUNICA-ÇÕES MÓVEIS (SMP) E TELECOMUNICAÇÕES SATELITAIS					-	0	0	9116071,56	0	01/04/2025
ESP-SECRETARIA DA EDUCACAO	990016	229	Serviço	990016-192/2025	BB PJ Digital – Gestão Ágil	Catálogo do Compras.gov.br	Serviço	859	OUTROS SERVIÇOS DE SUPORTE					-	0	0	300000	0	03/02/2025
ESP-SECRETARIA DA EDUCACAO	990016	248	Serviço	990016-165/2025	TELEATENDIMENTO - CENTRAL DE ATENDIMENTO	Catálogo do Compras.gov.br	Serviço	843	SERVIÇOS DE FORNECIMENTO DE INFORMAÇÕES ON-LINE					-	0	0	2491622,84	0	01/07/2025
ESP-SECRETARIA DA EDUCACAO	990016	273	Serviço	990016-23/2025	ARP FDE - INFRAESTRUTURA - ESCOLAS, DE'S E OC	Catálogo do Compras.gov.br	Serviço	162	SERVIÇOS  DE  GERENCIAMENTO  EM TECNOLOGIA DA INFORMAÇÃO  E COMUNICAÇÃO (TIC)					-	0	0	55550000	0	05/03/2025
ESP-SECRETARIA DA EDUCACAO	990016	230	Serviço	990016-191/2025	Contratação de serviços de Software de Gestão de Horário Escolar.	Catálogo do Compras.gov.br	Serviço	182	SERVIÇOS DE  LICENCIAMENTO E  CONTRATOS DE TRANSFERÊNCIA DE TECNOLOGIA					-	0	0	4334847	0	10/03/2025
ESP-SECRETARIA DA EDUCACAO	990016	245	Material	990016-176/2025	Uniforme Escola Cívico Militar	Catálogo do Compras.gov.br	Material	8415	VESTUÁRIO PARA FINS ESPECIAIS					-	0	0	65000000	0	03/02/2025
ESP-SECRETARIA DA EDUCACAO	990016	247	Serviço	990016-171/2025	Rede de Suprimentos - Serviços	Catálogo do Compras.gov.br	Serviço	831	SERVIÇOS DE CONSULTORIA E DE GERÊNCIA/GESTÃO					-	0	0	20000000	0	13/06/2025
ESP-SECRETARIA DA EDUCACAO	990016	253	Serviço	990016-147/2025	PRODESP - NUVEM PÚBLICA	Catálogo do Compras.gov.br	Serviço	162	SERVIÇOS  DE  GERENCIAMENTO  EM TECNOLOGIA DA INFORMAÇÃO  E COMUNICAÇÃO (TIC)					-	0	0	86825692,32	0	17/03/2025
ESP-SECRETARIA DA EDUCACAO	990016	270	Serviço	990016-37/2025	TRANSPORTE ÁGUA E EFLUENTES	Catálogo do Compras.gov.br	Serviço	692	SERVIÇOS DE DISTRIBUIÇÃO DE ÁGUA ATRAVÉS DE TUBULAÇÃO					-	0	0	6000000	0	13/01/2025
ESP-SECRETARIA DA EDUCACAO	990016	232	Serviço	990016-189/2025	Prestação de serviço de fornecimento de licenças do software Power BI.	Catálogo do Compras.gov.br	Serviço	182	SERVIÇOS DE  LICENCIAMENTO E  CONTRATOS DE TRANSFERÊNCIA DE TECNOLOGIA					-	0	0	599201,52	0	21/11/2025
ESP-SECRETARIA DA EDUCACAO	990016	272	Serviço	990016-30/2025	CENTRAL DE ATENDIMENTO - 0800	Catálogo do Compras.gov.br	Serviço	141	SERVIÇOS DE TELEFONIA  FIXA COMUTADA  (STFC),  TELECOMUNICA-ÇÕES MÓVEIS (SMP) E TELECOMUNICAÇÕES SATELITAIS					-	0	0	1059053,76	0	31/12/2025
ESP-SECRETARIA DA EDUCACAO	990016	344	Material	990016-292/2025	Aquisição de Mobiliários diversos e acessórios	Catálogo do Compras.gov.br	Material	7195	MOBILIÁRIOS DIVERSOS E ACESSÓRIOS					-	0	0	250000	0	15/05/2025
ESP-SECRETARIA DA EDUCACAO	990016	236	Soluções de TIC	990016-185/2025	Ampliação do sistema de gerenciamento de Log Centralizado	Catálogo do Compras.gov.br	Material	7050	EQUIPAMENTOS DE REDE DE TIC - LOCAL E REMOTA					-	0	0	7882059,96	0	03/02/2025
ESP-SECRETARIA DA EDUCACAO	990016	258	Serviço	990016-111/2025	LOCAÇÃO DE VEÍCULO COM CONDUTOR BLINDADO	Catálogo do Compras.gov.br	Serviço	732	SERVIÇOS DE LEASING OU ALUGUEL RELACIONADOS A OUTROS BENS					-	0	0	1100000	0	31/01/2025
ESP-SECRETARIA DA EDUCACAO	990016	259	Serviço	990016-109/2025	LOCAÇÃO DE VEÍCULOS PARA DIRETORIAS	Catálogo do Compras.gov.br	Serviço	721	SERVIÇOS IMOBILIÁRIOS RELATIVOS A LOCAÇÃO OU ARRENDAMENTO					-	0	0	8100000	0	16/07/2025
ESP-SECRETARIA DA EDUCACAO	990016	260	Material	990016-103/2025	PLANO MENSAL DE DADOS - CHIPS - VIVO	Catálogo do Compras.gov.br	Serviço	141	SERVIÇOS DE TELEFONIA  FIXA COMUTADA  (STFC),  TELECOMUNICA-ÇÕES MÓVEIS (SMP) E TELECOMUNICAÇÕES SATELITAIS					-	0	0	36219851,64	0	09/12/2025
ESP-SECRETARIA DA EDUCACAO	990016	261	Serviço	990016-101/2025	PLANO MENSAL DE DADOS - CHIPS - CLARO	Catálogo do Compras.gov.br	Serviço	141	SERVIÇOS DE TELEFONIA  FIXA COMUTADA  (STFC),  TELECOMUNICA-ÇÕES MÓVEIS (SMP) E TELECOMUNICAÇÕES SATELITAIS					-	0	0	36219851,64	0	09/12/2025
ESP-SECRETARIA DA EDUCACAO	990016	267	Material	990016-44/2025	DADOS REVERSOS PATROCINADOS - CLARO	Catálogo do Compras.gov.br	Serviço	141	SERVIÇOS DE TELEFONIA  FIXA COMUTADA  (STFC),  TELECOMUNICA-ÇÕES MÓVEIS (SMP) E TELECOMUNICAÇÕES SATELITAIS					-	0	0	9116071,56	0	01/04/2025
ESP-SECRETARIA DA EDUCACAO	990016	262	Material	990016-97/2025	OUTSOURCING IMPRESSÃO - DE’S E OC	Catálogo do Compras.gov.br	Serviço	152	OUTSOURCING DE IMPRESSÃO - MODALIDADE LOCAÇÃO DE EQUIPAMENTOMAIS PÁGINAS IMPRESSAS					-	0	0	339146,52	0	09/05/2025
ESP-SECRETARIA DA EDUCACAO	990016	263	Material	990016-76/2025	PLACAS DE INAUGURAÇÃO	Catálogo do Compras.gov.br	Material	9905	CARTAZES, MOSTRUÁRIOS E PLACAS DE IDENTIFICAÇÃO					-	0	0	100000	0	23/06/2025
ESP-SECRETARIA DA EDUCACAO	990016	264	Serviço	990016-69/2025	EVENTOS - SERVIÇOS - HOSPEDAGEM	Catálogo do Compras.gov.br	Serviço	631	SERVIÇOS DE ALOJAMENTO					-	0	0	15000000	0	13/05/2025
ESP-SECRETARIA DA EDUCACAO	990016	271	Serviço	990016-33/2025	Certificado Digital	Catálogo do Compras.gov.br	Material	5963	MÓDULOS ELETRÔNICOS					-	0	0	39682,35	0	17/02/2025
ESP-SECRETARIA DA EDUCACAO	990016	276	Serviço	990016-9/2025	ARP FDE - GERENCIAMENTO DE LOGS	Catálogo do Compras.gov.br	Serviço	166	SERVIÇOS DE MANUTENÇÃO E INSTALAÇÃO DE EQUIPAMENTOS DE TIC					-	0	0	4226349,48	0	03/02/2025
ESP-SECRETARIA DA EDUCACAO	990016	343	Serviço	990016-291/2025	Elaboração/Análise Projeto-Engenharia elétrica para as Diretorias de Ensino	Catálogo do Compras.gov.br	Serviço	833	SERVIÇOS DE ENGENHARIA					-	0	0	500000	0	25/04/2025
ESP-SECRETARIA DA EDUCACAO	990016	345	Serviço	990016-293/2025	Instalação / Manutenção - Elevadores, Escadas Rolantes / Plataforma / Escadas	Catálogo do Compras.gov.br	Serviço	546	SERVIÇOS DE INSTALAÇÃO					-	0	0	100000	0	30/07/2025
ESP-SECRETARIA DA EDUCACAO	990016	346	Serviço	990016-294/2025	Contratação de serviços de manobristas	Catálogo do Compras.gov.br	Serviço	851	SERVIÇOS DE AGÊNCIAS DE EMPREGOS E FORNECIMENTO DE PESSOAL					-	0	0	200000	0	01/07/2025
ESP-SECRETARIA DA EDUCACAO	990016	279	Serviço	990016-230/2025	Fornecimento de Energia Elétrica - Órgãos Centrais e Unidades Escolares	Catálogo do Compras.gov.br	Serviço	691	SERVIÇOS DE DISTRIBUIÇÃO DE ELETRICIDADE E DISTRIBUIÇÃO DE  GÁS ATRAVÉS DE TUBULAÇÃO					-	0	0	5000000	0	01/04/2025
ESP-SECRETARIA DA EDUCACAO	990016	278	Serviço	990016-231/2025	Fornecimento de Gás Encanado - Órgãos Centrais e Unidades Escolares	Catálogo do Compras.gov.br	Serviço	691	SERVIÇOS DE DISTRIBUIÇÃO DE ELETRICIDADE E DISTRIBUIÇÃO DE  GÁS ATRAVÉS DE TUBULAÇÃO					-	0	0	1000000	0	01/04/2025
ESP-SECRETARIA DA EDUCACAO	990016	280	Serviço	990016-233/2025	Coleta de Resíduos	Catálogo do Compras.gov.br	Serviço	942	SERVIÇOS DE ELIMINAÇÃO DE REJEITOS					-	0	0	200000	0	07/04/2025
ESP-SECRETARIA DA EDUCACAO	990016	314	Material	990016-263/2025	Aquisição de Sabonete Líquido	Catálogo do Compras.gov.br	Material	8520	SABONETES, ARTIGOS PARA BARBEAR E DENTIFRÍCIOS					-	0	0	500000	0	12/05/2025
ESP-SECRETARIA DA EDUCACAO	990016	315	Material	990016-262/2025	Aquisição de Desodorizador	Catálogo do Compras.gov.br	Material	6850	ESPECIALIDADES QUÍMICAS DIVERSAS					-	0	0	500000	0	12/05/2025
ESP-SECRETARIA DA EDUCACAO	990016	316	Material	990016-261/2025	Aquisição de Álcool Etílico	Catálogo do Compras.gov.br	Material	6505	DROGAS E MEDICAMENTOS					-	0	0	500000	0	12/05/2025
ESP-SECRETARIA DA EDUCACAO	990016	308	Material	990016-258/2025	Aquisição de Porta-Retratos	Catálogo do Compras.gov.br	Material	6750	SUPRIMENTOS FOTOGRÁFICOS					-	0	0	100000	0	17/03/2025
ESP-SECRETARIA DA EDUCACAO	990016	289	Material	990016-243/2025	Suprimentos de Informática - Conectores	Catálogo do Compras.gov.br	Material	5935	CONECTORES ELÉTRICOS					-	0	0	50000	0	31/03/2025
ESP-SECRETARIA DA EDUCACAO	990016	309	Serviço	990016-259/2025	Manutenção / Higienização de Reservatório de Água Potável (Caixa D'água)	Catálogo do Compras.gov.br	Serviço	853	SERVIÇOS DE LIMPEZA					-	0	0	100000	0	31/03/2025
ESP-SECRETARIA DA EDUCACAO	990016	290	Material	990016-244/2025	Aquisição de material esportivo (relógio de xadrez digital)	Catálogo do Compras.gov.br	Material	6645	INSTRUMENTOS PARA MEDIÇÃO DE TEMPO					-	0	0	50000	0	07/03/2025
ESP-SECRETARIA DA EDUCACAO	990016	292	Material	990016-246/2025	Aquisição de bebedouro de água elétrico	Catálogo do Compras.gov.br	Material	4110	EQUIPAMENTO PARA REFRIGERAÇÃO					-	0	0	50000	0	21/03/2025
ESP-SECRETARIA DA EDUCACAO	990016	291	Material	990016-245/2025	Aquisição de Materiais Esportivos - Trena	Catálogo do Compras.gov.br	Material	5210	INSTRUMENTOS DE MEDIÇÃO PARA ARTÍFICES					-	0	0	50000	0	10/03/2025
ESP-SECRETARIA DA EDUCACAO	990016	281	Serviço	990016-234/2025	Bilhetagem eletrônica e cartão magnético ou passe escolar em papel	Catálogo do Compras.gov.br	Serviço	679	SERVIÇOS AUXILIARES E OUTROS SERVIÇOS DE TRANSPORTE AUXILIAR					-	0	0	5000000	0	03/02/2025
ESP-SECRETARIA DA EDUCACAO	990016	282	Serviço	990016-235/2025	Ensino Médio Profissional - Livros	Catálogo do Compras.gov.br	Serviço	612	SERVIÇOS DO COMÉRCIO POR ATACADO PRESTADO POR COMISSÃO OU   POR CONTRATO					-	0	0	32000000	0	03/02/2025
ESP-SECRETARIA DA EDUCACAO	990016	299	Material	990016-253/2025	Aquisição de Garrafão Plástico de Água Mineral	Catálogo do Compras.gov.br	Material	8125	GARRAFAS E JARROS					-	0	0	10000	0	27/02/2025
ESP-SECRETARIA DA EDUCACAO	990016	293	Material	990016-247/2025	Aquisição de Conjunto de Estofado (Sofá)	Catálogo do Compras.gov.br	Material	7105	MOBILIÁRIO DOMÉSTICO					-	0	0	50000	0	30/04/2025
ESP-SECRETARIA DA EDUCACAO	990016	294	Material	990016-248/2025	Aquisição de Forno Microondas	Catálogo do Compras.gov.br	Material	7310	EQUIPAMENTOS PARA COZINHAR, ASSAR E SERVIR ALIMENTOS					-	0	0	50000	0	30/04/2025
ESP-SECRETARIA DA EDUCACAO	990016	295	Serviço	990016-249/2025	Contratação de serviços de bombeiros e combate a incêndio	Catálogo do Compras.gov.br	Serviço	852	SERVIÇOS DE INVESTIGAÇÃO E SEGURANÇA					-	0	0	309400	0	15/09/2025
ESP-SECRETARIA DA EDUCACAO	990016	296	Material	990016-250/2025	Aquisição de Refrigeradores	Catálogo do Compras.gov.br	Material	4110	EQUIPAMENTO PARA REFRIGERAÇÃO					-	0	0	50000	0	30/04/2025
ESP-SECRETARIA DA EDUCACAO	990016	283	Serviço	990016-236/2025	Avaliação externa em larga escala para operacionalização do PCGEduc-SP	Catálogo do Compras.gov.br	Serviço	839	OUTROS SERVIÇOS DE NEGÓCIOS, TÉCNICOS E PROFISSIONAIS					-	0	0	18417337,47	0	05/03/2025
ESP-SECRETARIA DA EDUCACAO	990016	284	Serviço	990016-237/2025	Motofrete	Catálogo do Compras.gov.br	Serviço	859	OUTROS SERVIÇOS DE SUPORTE					-	0	0	264456,02	0	05/03/2025
ESP-SECRETARIA DA EDUCACAO	990016	285	Serviço	990016-239/2025	Serviços de Teleatendimento em Psicologia e Psiquiatria para Alunos da Rede Estadual de Ensino	Catálogo do Compras.gov.br	Serviço	931	SERVIÇOS DE SAÚDE HUMANA					-	0	0	493200	0	02/06/2025
ESP-SECRETARIA DA EDUCACAO	990016	300	Serviço	990016-255/2025	Serviço de limpeza de calha	Catálogo do Compras.gov.br	Serviço	871	SERVIÇOS DE MANUTENÇÃO E REPARO DE PRODUTOS FABRICADOS DE METAL,MAQUINARIA E EQUIPAMENTOS					-	0	0	250000	0	31/03/2025
ESP-SECRETARIA DA EDUCACAO	990016	302	Material	990016-256/2025	Aquisição de Suprimentos de Informática para Atender a demanda dos NIT's das Diretorias de Ensino	Catálogo do Compras.gov.br	Material	5915	FILTROS E REDES					-	0	0	20000	0	15/04/2025
ESP-SECRETARIA DA EDUCACAO	990016	303	Material	990016-256/2025	Aquisição de Suprimentos de Informática para Atender a demanda dos NIT's das Diretorias de Ensino	Catálogo do Compras.gov.br	Material	7080	PEÇAS, ACESSÓRIOS E FERRAMENTAS PARA REDES DE TIC					-	0	0	20000	0	15/04/2025
ESP-SECRETARIA DA EDUCACAO	990016	304	Material	990016-256/2025	Aquisição de Suprimentos de Informática para Atender a demanda dos NIT's das Diretorias de Ensino	Catálogo do Compras.gov.br	Material	6135	BATERIAS NAO RECARREGÁVEIS					-	0	0	20000	0	15/04/2025
ESP-SECRETARIA DA EDUCACAO	990016	305	Material	990016-256/2025	Aquisição de Suprimentos de Informática para Atender a demanda dos NIT's das Diretorias de Ensino	Catálogo do Compras.gov.br	Material	7030	EQUIPAMENTOS DE ARMAZENAMENTO DE DADOS					-	0	0	20000	0	15/04/2025
ESP-SECRETARIA DA EDUCACAO	990016	306	Material	990016-256/2025	Aquisição de Suprimentos de Informática para Atender a demanda dos NIT's das Diretorias de Ensino	Catálogo do Compras.gov.br	Material	6145	FIOS E CABOS ELÉTRICOS					-	0	0	20000	0	15/04/2025
ESP-SECRETARIA DA EDUCACAO	990016	307	Material	990016-257/2025	Aquisição de Ar Condicionado	Catálogo do Compras.gov.br	Material	4120	EQUIPAMENTO DE AR CONDICIONADO					-	0	0	1000000	0	12/03/2025
ESP-SECRETARIA DA EDUCACAO	990016	297	Serviço	990016-251/2025	Automatização de Portão	Catálogo do Compras.gov.br	Serviço	871	SERVIÇOS DE MANUTENÇÃO E REPARO DE PRODUTOS FABRICADOS DE METAL,MAQUINARIA E EQUIPAMENTOS					-	0	0	50000	0	28/02/2025
ESP-SECRETARIA DA EDUCACAO	990016	298	Serviço	990016-252/2025	Automatização Porta de Vidro	Catálogo do Compras.gov.br	Serviço	873	SERVIÇOS DE INSTALAÇÃO(À EXCEÇÃO DA CONSTRUÇÃO)					-	0	0	50000	0	28/02/2025
ESP-SECRETARIA DA EDUCACAO	990016	301	Serviço	990016-254/2025	Serviço de roçagem da grama	Catálogo do Compras.gov.br	Serviço	851	SERVIÇOS DE AGÊNCIAS DE EMPREGOS E FORNECIMENTO DE PESSOAL					-	0	0	300000	0	31/03/2025
ESP-SECRETARIA DA EDUCACAO	990016	311	Material	990016-242/2025	Fones de Ouvido - UE's e DE's	Catálogo do Compras.gov.br	Material	5965	FONES, MICROFONES E ALTO-FALANTES					-	0	0	1000000	0	31/03/2025
ESP-SECRETARIA DA EDUCACAO	990016	310	Serviço	990016-260/2025	Manutenção de Geladeiras e Bebedouros	Catálogo do Compras.gov.br	Serviço	871	SERVIÇOS DE MANUTENÇÃO E REPARO DE PRODUTOS FABRICADOS DE METAL,MAQUINARIA E EQUIPAMENTOS					-	0	0	100000	0	31/03/2025
ESP-SECRETARIA DA EDUCACAO	990016	318	Material	990016-266/2025	Aquisição de Papel Higiênico e Toalha de Papel	Catálogo do Compras.gov.br	Material	8540	ARTIGOS DE PAPEL PARA HIGIENE					-	0	0	1000000	0	12/05/2025
ESP-SECRETARIA DA EDUCACAO	990016	319	Material	990016-267/2025	Aquisição de Acessórios Esportivos (Coletes)	Catálogo do Compras.gov.br	Material	8405	VESTUÁRIO EXTERNO MASCULINO					-	0	0	10000	0	21/03/2025
ESP-SECRETARIA DA EDUCACAO	990016	320	Material	990016-269/2025	Aquisição de Detergente para Limpeza	Catálogo do Compras.gov.br	Material	7930	COMPOSTOS E PREPARADOS PARA LIMPEZA E POLIMENTO					-	0	0	200000	0	15/04/2025
ESP-SECRETARIA DA EDUCACAO	990016	321	Material	990016-268/2025	Aquisição de Esponja para Limpeza	Catálogo do Compras.gov.br	Material	7920	VASSOURAS, ESCOVAS, RODOS, ESPONJAS E ESFREGÕES					-	0	0	200000	0	15/04/2025
ESP-SECRETARIA DA EDUCACAO	990016	322	Material	990016-270/2025	Aquisição de Copo Descartável	Catálogo do Compras.gov.br	Material	7350	LOUÇA E ARTIGOS DE MESA					-	0	0	500000	0	15/04/2025
ESP-SECRETARIA DA EDUCACAO	990016	317	Serviço	990016-265/2025	Transporte vertical, por meio de içamento com mini grua, de uma condensadora de ar condicionado	Catálogo do Compras.gov.br	Serviço	671	SERVIÇOS DE CARGA E DESCARGA					-	0	0	10000	0	26/03/2025
ESP-SECRETARIA DA EDUCACAO	990016	323	Material	990016-271/2025	Aquisição de Acessórios Esportivos (Bombas de Ar)	Catálogo do Compras.gov.br	Material	4320	BOMBAS MANUAIS E MECÂNICAS					-	0	0	10000	0	21/03/2025
ESP-SECRETARIA DA EDUCACAO	990016	324	Serviço	990016-272/2025	Certificação de Gerente de Organização Escolar	Catálogo do Compras.gov.br	Serviço	929	OUTROS SERVIÇOS DE EDUCAÇÃO E TREINAMENTO					-	0	0	3099690	0	12/05/2025
ESP-SECRETARIA DA EDUCACAO	990016	325	Material	990016-273/2025	Aquisição de Lacres para Malote	Catálogo do Compras.gov.br	Material	9330	ARTIGOS DE PLÁSTICO					-	0	0	5000	0	07/04/2025
ESP-SECRETARIA DA EDUCACAO	990016	326	Material	990016-275/2025	Aquisição de Botijão Para Gás para as Sedes das Diretorias de Ensino	Catálogo do Compras.gov.br	Material	8120	CILINDROS COMERCIAIS E INDUSTRIAIS PARA GASES					-	0	0	5000	0	07/04/2025
ESP-SECRETARIA DA EDUCACAO	990016	327	Material	990016-274/2025	Aquisição de Cal para demarcação da pista de atletismo	Catálogo do Compras.gov.br	Material	5610	MATERIAIS DE ORIGEM MINERAL PARA CONSTRUÇÃO, A GRANEL					-	0	0	5000	0	07/04/2025
ESP-SECRETARIA DA EDUCACAO	990016	328	Serviço	990016-276/2025	Instalação / Manutenção Elétrica - Predial	Catálogo do Compras.gov.br	Serviço	546	SERVIÇOS DE INSTALAÇÃO					-	0	0	300000	0	22/04/2025
ESP-SECRETARIA DA EDUCACAO	990016	330	Material	990016-278/2025	Aquisição de Apitos e equipamentos para ginástica e recreação	Catálogo do Compras.gov.br	Material	7830	EQUIPAMENTO PARA GINÁSTICA E RECREAÇÃO					-	0	0	100000	0	17/04/2025
ESP-SECRETARIA DA EDUCACAO	990016	331	Serviço	990016-279/2025	Instalação / manutenção hidrossanitárias	Catálogo do Compras.gov.br	Serviço	871	SERVIÇOS DE MANUTENÇÃO E REPARO DE PRODUTOS FABRICADOS DE METAL,MAQUINARIA E EQUIPAMENTOS					-	0	0	200000	0	22/04/2025
ESP-SECRETARIA DA EDUCACAO	990016	332	Serviço	990016-280/2025	Instalações Prediais Hidro-Sanitárias	Catálogo do Compras.gov.br	Serviço	546	SERVIÇOS DE INSTALAÇÃO					-	0	0	200000	0	22/04/2025
ESP-SECRETARIA DA EDUCACAO	990016	333	Serviço	990016-281/2025	Manutenção de Redes - Água / Esgoto	Catálogo do Compras.gov.br	Serviço	941	SERVIÇOS DE ESGOTO					-	0	0	200000	0	22/04/2025
ESP-SECRETARIA DA EDUCACAO	990016	334	Serviço	990016-282/2025	Manutenção / Reforma Predial	Catálogo do Compras.gov.br	Serviço	545	TIPOS ESPECIAIS DE SERVIÇOS DE CONSTRUÇÃO					-	0	0	5000000	0	22/04/2025
ESP-SECRETARIA DA EDUCACAO	990016	335	Serviço	990016-283/2025	Manutenção / Instalações Prediais Eletrônicas	Catálogo do Compras.gov.br	Serviço	546	SERVIÇOS DE INSTALAÇÃO					-	0	0	1000000	0	22/04/2025
ESP-SECRETARIA DA EDUCACAO	990016	329	Serviço	990016-277/2025	Prestação de Serviços de Ensino Médio Profissional	Catálogo do Compras.gov.br	Serviço	929	OUTROS SERVIÇOS DE EDUCAÇÃO E TREINAMENTO					-	0	0	165558819,3	0	21/03/2025
ESP-SECRETARIA DA EDUCACAO	990016	336	Serviço	990016-284/2025	Construção / Manutenção / Reforma – Telhado	Catálogo do Compras.gov.br	Serviço	545	TIPOS ESPECIAIS DE SERVIÇOS DE CONSTRUÇÃO					-	0	0	2000000	0	01/09/2025
ESP-SECRETARIA DA EDUCACAO	990016	337	Serviço	990016-285/2025	Instalação / manutenção - pisos alta resistência	Catálogo do Compras.gov.br	Serviço	547	SERVIÇO DE ACABAMENTO E FINALIZAÇÃO DOS EDIFÍCIOS					-	0	0	2000000	0	01/09/2025
ESP-SECRETARIA DA EDUCACAO	990016	338	Serviço	990016-286/2025	Instalação / Manutenção Vidro Comum - Porta / Janela	Catálogo do Compras.gov.br	Serviço	547	SERVIÇO DE ACABAMENTO E FINALIZAÇÃO DOS EDIFÍCIOS					-	0	0	2000000	0	01/09/2025
ESP-SECRETARIA DA EDUCACAO	990016	339	Serviço	990016-287/2025	Instalação / Montagem - Mobiliário em geral	Catálogo do Compras.gov.br	Serviço	872	SERVIÇOS DE REPARO DE OUTROS BENS					-	0	0	1000000	0	01/09/2025
ESP-SECRETARIA DA EDUCACAO	990016	340	Serviço	990016-288/2025	Serralheria - Confecção / Instalação Peças Metálicas	Catálogo do Compras.gov.br	Serviço	881	SERVIÇOS DE MANUFATURA EM INSUMOS FÍSICOS QUE SAO PROPRIEDADE DE OUTROS(EXCETO MAQUINARIA E EQUIPAMENTO)					-	0	0	1000000	0	01/09/2025
ESP-SECRETARIA DA EDUCACAO	990016	341	Serviço	990016-289/2025	Instalação/manutenção - circuito fechado tv	Catálogo do Compras.gov.br	Serviço	873	SERVIÇOS DE INSTALAÇÃO(À EXCEÇÃO DA CONSTRUÇÃO)					-	0	0	1500000	0	05/05/2025
ESP-SECRETARIA DA EDUCACAO	990016	342	Serviço	990016-290/2025	Plataforma de Alfabetização	Catálogo do Compras.gov.br	Serviço	131	SERVIÇOS DE COMPUTAÇÃO EM NUVEM					-	0	0	33284035	0	02/06/2025
ESP-SECRETARIA DA EDUCACAO	990016	347	Serviço	990016-295/2025	Ar Condicionado - Manutenção de Sistemas / Limpeza	Catálogo do Compras.gov.br	Serviço	871	SERVIÇOS DE MANUTENÇÃO E REPARO DE PRODUTOS FABRICADOS DE METAL,MAQUINARIA E EQUIPAMENTOS					-	0	0	1000000	0	05/05/2025
ESP-SECRETARIA DA EDUCACAO	990016	348	Serviço	990016-296/2025	Serviços de Psicologia do Programa de Melhoria da Convivência e Proteção Escolar - Conviva SP	Catálogo do Compras.gov.br	Serviço	931	SERVIÇOS DE SAÚDE HUMANA					-	0	0	10562400	0	01/08/2025
ESP-SECRETARIA DA EDUCACAO	990016	356	Material	990016-304/2025	Aquisição de Conversores elétricos estáticos	Catálogo do Compras.gov.br	Material	6130	CONVERSORES ELÉTRICOS ESTÁTICOS					-	0	0	200000	0	20/05/2025
ESP-SECRETARIA DA EDUCACAO	990016	357	Material	990016-306/2025	Aquisição de Equipamentos para cozinhar, assar e servir alimentos	Catálogo do Compras.gov.br	Material	7310	EQUIPAMENTOS PARA COZINHAR, ASSAR E SERVIR ALIMENTOS					-	0	0	250000	0	22/05/2025
ESP-SECRETARIA DA EDUCACAO	990016	358	Material	990016-307/2025	Aquisição de Geleias, Conservas e Gelatinas	Catálogo do Compras.gov.br	Material	8930	GELEIAS, CONSERVAS E GELATINAS					-	0	0	100000	0	30/05/2025
ESP-SECRETARIA DA EDUCACAO	990016	349	Material	990016-297/2025	Aquisição de Sistemas de Intercomunicação e amplificação de voz	Catálogo do Compras.gov.br	Material	5830	SISTEMAS DE INTERCOMUNICAÇÃO E AMPLIFICAÇÃO DE  VOZ,  EXCETOOS DE AERONAVES					-	0	0	100000	0	12/05/2025
ESP-SECRETARIA DA EDUCACAO	990016	350	Material	990016-298/2025	Aquisição de Equipamentos para gravação e reprodução de som	Catálogo do Compras.gov.br	Material	5835	EQUIPAMENTOS PARA GRAVAÇÃO E REPRODUÇÃO DE SOM					-	0	0	100000	0	12/05/2025
ESP-SECRETARIA DA EDUCACAO	990016	352	Serviço	990016-300/2025	Serviço de Emissão e Renovação de Certificado Digital	Catálogo do Compras.gov.br	Serviço	167	SERVIÇOS DE EMISSÃO DE CERTIFICADOS DIGITAIS					-	0	0	300000	0	30/05/2025
ESP-SECRETARIA DA EDUCACAO	990016	351	Material	990016-299/2025	Aquisição de Ferramentas manuais acionadas por força motriz	Catálogo do Compras.gov.br	Material	5130	FERRAMENTAS MANUAIS ACIONADAS POR FORÇA MOTRIZ					-	0	0	100000	0	12/05/2025
ESP-SECRETARIA DA EDUCACAO	990016	353	Material	990016-301/2025	Aquisição de Jogos, brinquedos e artigos correlatos com rodas	Catálogo do Compras.gov.br	Material	7820	JOGOS, BRINQUEDOS E ARTIGOS CORRELATOS COM RODAS					-	0	0	200000	0	05/05/2025
ESP-SECRETARIA DA EDUCACAO	990016	354	Serviço	990016-302/2025	Ar condicionado - instalação/montagem/desmontagem/remoção	Catálogo do Compras.gov.br	Serviço	873	SERVIÇOS DE INSTALAÇÃO(À EXCEÇÃO DA CONSTRUÇÃO)					-	0	0	300000	0	20/05/2025
ESP-SECRETARIA DA EDUCACAO	990016	355	Material	990016-303/2025	Aquisição de Impressoras	Catálogo do Compras.gov.br	Material	7020	IMPRESSORAS					-	0	0	100000	0	30/06/2025
ESP-SECRETARIA DA EDUCACAO	990016	359	Serviço	990016-308/2025	Manutenção Filtro / Purificador de Água	Catálogo do Compras.gov.br	Serviço	871	SERVIÇOS DE MANUTENÇÃO E REPARO DE PRODUTOS FABRICADOS DE METAL,MAQUINARIA E EQUIPAMENTOS					-	0	0	200000	0	02/12/2025
ESP-SECRETARIA DA EDUCACAO	990016	360	Material	990016-309/2025	Aquisição de Sistemas diversos de sinalização, alarme e detecção para segurança	Catálogo do Compras.gov.br	Material	6350	SISTEMAS DIVERSOS DE SINALIZAÇÃO, ALARME E DETECÇÃO PARA  SEGURANÇA					-	0	0	1000000	0	26/05/2025
ESP-SECRETARIA DA EDUCACAO	990016	430	Serviço	990016-374/2025	Aquisição de Serviços de Montagem e Instalação de Construções Pré-Fabricadas	Catálogo do Compras.gov.br	Serviço	544	MONTAGEM E INSTALAÇÃO DE CONSTRUÇÕES PRÉ-FABRICADAS					-	0	0	7400	0	14/11/2025
ESP-SECRETARIA DA EDUCACAO	990016	361	Serviço	990016-310/2025	Contratação de Serviços de Copeiragem	Catálogo do Compras.gov.br	Serviço	859	OUTROS SERVIÇOS DE SUPORTE					-	0	0	191592	0	05/06/2025
ESP-SECRETARIA DA EDUCACAO	990016	362	Serviço	990016-311/2025	Serviços de Limpeza - Roçada / Roçagem / Limpeza de Área - Mecanizada / Manual	Catálogo do Compras.gov.br	Serviço	853	SERVIÇOS DE LIMPEZA					-	0	0	1000000	0	23/05/2025
ESP-SECRETARIA DA EDUCACAO	990016	363	Serviço	990016-312/2025	Contratação de serviços de motorista	Catálogo do Compras.gov.br	Serviço	851	SERVIÇOS DE AGÊNCIAS DE EMPREGOS E FORNECIMENTO DE PESSOAL					-	0	0	111749,4	0	20/06/2025
ESP-SECRETARIA DA EDUCACAO	990016	364	Material	990016-313/2025	Aquisição de Equipamentos e Aparelhos de Cozinha	Catálogo do Compras.gov.br	Material	7320	EQUIPAMENTOS E APARELHOS DE COZINHA					-	0	0	500000	0	10/06/2025
ESP-SECRETARIA DA EDUCACAO	990016	365	Material	990016-314/2025	Aquisição de Climatizadores e outros componentes de equipamentos para refrigeração e ar condicionado	Catálogo do Compras.gov.br	Material	4130	COMPONENTES DE EQUIPAMENTOS PARA REFRIGERAÇÃO E AR  CONDICIONADO					-	0	0	500000	0	10/06/2025
ESP-SECRETARIA DA EDUCACAO	990016	366	Material	990016-315/2025	Aquisição de Fragmentadora de papel e máquinas diversas para escritório	Catálogo do Compras.gov.br	Material	7490	MÁQUINAS DIVERSAS PARA ESCRITÓRIO					-	0	0	500000	0	10/06/2025
ESP-SECRETARIA DA EDUCACAO	990016	367	Material	990016-316/2025	Aquisição de Roçadeira manual e outros equipamentos para preparação do solo	Catálogo do Compras.gov.br	Material	3710	EQUIPAMENTO PARA PREPARAÇÃO DO SOLO					-	0	0	500000	0	10/06/2025
ESP-SECRETARIA DA EDUCACAO	990016	368	Material	990016-317/2025	Aquisição de Câmera Web e outras peças e acessórios para computadores	Catálogo do Compras.gov.br	Material	7060	PEÇAS E ACESSÓRIOS PARA COMPUTADORES					-	0	0	500000	0	10/06/2025
ESP-SECRETARIA DA EDUCACAO	990016	369	Material	990016-318/2025	Aquisição de Jogos e Conjuntos de Ferramentas Manuais	Catálogo do Compras.gov.br	Material	5180	JOGOS E CONJUNTOS DE FERRAMENTAS MANUAIS					-	0	0	500000	0	10/06/2025
ESP-SECRETARIA DA EDUCACAO	990016	370	Serviço	990016-319/2025	Contratação de Prestação de Serviços de Pintor	Catálogo do Compras.gov.br	Serviço	547	SERVIÇO DE ACABAMENTO E FINALIZAÇÃO DOS EDIFÍCIOS					-	0	0	500000	0	16/06/2025
ESP-SECRETARIA DA EDUCACAO	990016	431	Serviço	990016-376/2025	Contratação de Serviços Relativos à Agricultura	Catálogo do Compras.gov.br	Serviço	861	SERVIÇOS RELATIVOS À AGRICULTURA, CAÇA, REFLORESTAMENTO E PESCA					-	0	0	1200	0	14/11/2025
ESP-SECRETARIA DA EDUCACAO	990016	432	Material	990016-375/2025	Aquisição de Fones e Microfones para a URE	Catálogo do Compras.gov.br	Material	5965	FONES, MICROFONES E ALTO-FALANTES					-	0	0	745,3	0	19/11/2025
ESP-SECRETARIA DA EDUCACAO	990016	433	Material	990016-377/2025	Aquisição de Componentes de Equipamentos para Refrigeração de Líquidos	Catálogo do Compras.gov.br	Material	4130	COMPONENTES DE EQUIPAMENTOS PARA REFRIGERAÇÃO E AR  CONDICIONADO					-	0	0	12356,7	0	17/11/2025
ESP-SECRETARIA DA EDUCACAO	990016	371	Serviço	990016-320/2025	Locação de espaço objetivando a realização de evento da SEDUC	Catálogo do Compras.gov.br	Serviço	721	SERVIÇOS IMOBILIÁRIOS RELATIVOS A LOCAÇÃO OU ARRENDAMENTO					-	0	0	462000	0	31/07/2025
ESP-SECRETARIA DA EDUCACAO	990016	372	Serviço	990016-321/2025	Contratação de Avaliação da Fluência Leitora	Catálogo do Compras.gov.br	Serviço	859	OUTROS SERVIÇOS DE SUPORTE					-	0	0	6000000	0	01/10/2025
ESP-SECRETARIA DA EDUCACAO	990016	373	Material	990016-322/2025	Aquisição de Sacos Plásticos de Lixo, Luvas de Borracha e Toucas Descartáveis	Catálogo do Compras.gov.br	Material	8105	SACOS E BOLSAS					-	0	0	10000	0	13/06/2025
ESP-SECRETARIA DA EDUCACAO	990016	374	Material	990016-322/2025	Aquisição de Sacos Plásticos de Lixo, Luvas de Borracha e Toucas Descartáveis	Catálogo do Compras.gov.br	Material	8415	VESTUÁRIO PARA FINS ESPECIAIS					-	0	0	10000	0	13/06/2025
ESP-SECRETARIA DA EDUCACAO	990016	375	Material	990016-322/2025	Aquisição de Sacos Plásticos de Lixo, Luvas de Borracha e Toucas Descartáveis	Catálogo do Compras.gov.br	Material	9320	ARTIGOS DE BORRACHA					-	0	0	10000	0	13/06/2025
ESP-SECRETARIA DA EDUCACAO	990016	376	Material	990016-323/2025	Aquisição de Ventiladores	Catálogo do Compras.gov.br	Material	4140	VENTILADORES, CIRCULADORES DE AR E VENTOINHAS					-	0	0	300000	0	26/06/2025
ESP-SECRETARIA DA EDUCACAO	990016	377	Serviço	990016-324/2025	Prestação de serviços de telemedicina – Psicólogos - Programa Prontos para o Mundo	Catálogo do Compras.gov.br	Serviço	931	SERVIÇOS DE SAÚDE HUMANA					-	0	0	7102185	0	29/08/2025
ESP-SECRETARIA DA EDUCACAO	990016	378	Material	990016-325/2025	Aquisição de camisetas destinadas a estudantes e professores da Rede Estadual de Ensino	Catálogo do Compras.gov.br	Material	8415	VESTUÁRIO PARA FINS ESPECIAIS					-	0	0	840480	0	31/07/2025
ESP-SECRETARIA DA EDUCACAO	990016	379	Material	990016-326/2025	Aquisição de Bandeiras	Catálogo do Compras.gov.br	Material	8345	BANDEIRAS, FLAMULAS E PAVILHOES					-	0	0	5001,3	0	01/07/2025
ESP-SECRETARIA DA EDUCACAO	990016	434	Material	990016-378/2025	Aquisição de itens diversos de cozinha para as necessidades da Antonio Augusto Netto	Catálogo do Compras.gov.br	Material	9330	ARTIGOS DE PLÁSTICO					-	0	0	274,32	0	28/11/2025
ESP-SECRETARIA DA EDUCACAO	990016	435	Material	990016-378/2025	Aquisição de itens diversos de cozinha para as necessidades da Antonio Augusto Netto	Catálogo do Compras.gov.br	Material	7340	CUTELARIA E TALHERES					-	0	0	59,97	0	28/11/2025
ESP-SECRETARIA DA EDUCACAO	990016	436	Material	990016-378/2025	Aquisição de itens diversos de cozinha para as necessidades da Antonio Augusto Netto	Catálogo do Compras.gov.br	Material	7340	CUTELARIA E TALHERES					-	0	0	95,3	0	28/11/2025
ESP-SECRETARIA DA EDUCACAO	990016	437	Material	990016-378/2025	Aquisição de itens diversos de cozinha para as necessidades da Antonio Augusto Netto	Catálogo do Compras.gov.br	Material	7340	CUTELARIA E TALHERES					-	0	0	918	0	28/11/2025
ESP-SECRETARIA DA EDUCACAO	990016	438	Material	990016-378/2025	Aquisição de itens diversos de cozinha para as necessidades da Antonio Augusto Netto	Catálogo do Compras.gov.br	Material	7340	CUTELARIA E TALHERES					-	0	0	63,57	0	28/11/2025
ESP-SECRETARIA DA EDUCACAO	990016	439	Material	990016-378/2025	Aquisição de itens diversos de cozinha para as necessidades da Antonio Augusto Netto	Catálogo do Compras.gov.br	Material	7340	CUTELARIA E TALHERES					-	0	0	50,26	0	28/11/2025
ESP-SECRETARIA DA EDUCACAO	990016	440	Material	990016-378/2025	Aquisição de itens diversos de cozinha para as necessidades da Antonio Augusto Netto	Catálogo do Compras.gov.br	Material	7340	CUTELARIA E TALHERES					-	0	0	925,5	0	28/11/2025
ESP-SECRETARIA DA EDUCACAO	990016	441	Material	990016-378/2025	Aquisição de itens diversos de cozinha para as necessidades da Antonio Augusto Netto	Catálogo do Compras.gov.br	Material	7340	CUTELARIA E TALHERES					-	0	0	44,66	0	28/11/2025
ESP-SECRETARIA DA EDUCACAO	990016	442	Material	990016-378/2025	Aquisição de itens diversos de cozinha para as necessidades da Antonio Augusto Netto	Catálogo do Compras.gov.br	Material	7340	CUTELARIA E TALHERES					-	0	0	589,5	0	28/11/2025
ESP-SECRETARIA DA EDUCACAO	990016	443	Material	990016-378/2025	Aquisição de itens diversos de cozinha para as necessidades da Antonio Augusto Netto	Catálogo do Compras.gov.br	Material	7350	LOUÇA E ARTIGOS DE MESA					-	0	0	1044	0	28/11/2025
ESP-SECRETARIA DA EDUCACAO	990016	444	Material	990016-378/2025	Aquisição de itens diversos de cozinha para as necessidades da Antonio Augusto Netto	Catálogo do Compras.gov.br	Material	7350	LOUÇA E ARTIGOS DE MESA					-	0	0	847,5	0	28/11/2025
ESP-SECRETARIA DA EDUCACAO	990016	445	Material	990016-378/2025	Aquisição de itens diversos de cozinha para as necessidades da Antonio Augusto Netto	Catálogo do Compras.gov.br	Material	7350	LOUÇA E ARTIGOS DE MESA					-	0	0	628,5	0	28/11/2025
ESP-SECRETARIA DA EDUCACAO	990016	446	Material	990016-378/2025	Aquisição de itens diversos de cozinha para as necessidades da Antonio Augusto Netto	Catálogo do Compras.gov.br	Material	9390	PRODUTOS DIVERSOS NÃO METÁLICOS					-	0	0	366,63	0	28/11/2025
ESP-SECRETARIA DA EDUCACAO	990016	380	Serviço	990016-327/2025	Contratação de Serviços de Engenharia de Segurança e Medicina do Trabalho	Catálogo do Compras.gov.br	Serviço	931	SERVIÇOS DE SAÚDE HUMANA					-	0	0	26808000	0	03/02/2025
ESP-SECRETARIA DA EDUCACAO	990016	381	Material	990016-328/2025	Aquisição de Água Mineral	Catálogo do Compras.gov.br	Material	8960	BEBIDAS NÃO ALCOÓLICAS					-	0	0	100000	0	04/07/2025
ESP-SECRETARIA DA EDUCACAO	990016	382	Material	990016-329/2025	Aquisição de Escadas e equipamentos para montagem de andaime e formas de concreto	Catálogo do Compras.gov.br	Material	5440	EQUIPAMENTOS PARA MONTAGEM DE ANDAIME E FORMAS DE CONCRETO					-	0	0	100000	0	07/07/2025
ESP-SECRETARIA DA EDUCACAO	990016	447	Serviço	990016-379/2025	Contratação de Serviços de Computação em Nuvem	Catálogo do Compras.gov.br	Serviço	131	SERVIÇOS DE COMPUTAÇÃO EM NUVEM					-	0	0	62000	0	01/12/2025
ESP-SECRETARIA DA EDUCACAO	990016	383	Material	990016-330/2025	Aquisição de Sopradores e Equipamentos e instalações para saneamento ambiental	Catálogo do Compras.gov.br	Material	3694	EQUIPAMENTOS E INSTALAÇÕES PARA SANEAMENTO AMBIENTAL					-	0	0	100000	0	07/07/2025
ESP-SECRETARIA DA EDUCACAO	990016	384	Serviço	990016-331/2025	SERVIÇOS POSTAL E DE CORREIO	Catálogo do Compras.gov.br	Serviço	681	SERVIÇOS POSTAL E DE CORREIO					-	0	0	2087	0	25/07/2025
ESP-SECRETARIA DA EDUCACAO	990016	385	Material	990016-332/2025	Aquisição de Kit Lanche	Catálogo do Compras.gov.br	Material	8920	PRODUTOS DE PANIFICAÇÃO E CEREAIS					-	0	0	20000000	0	18/07/2025
ESP-SECRETARIA DA EDUCACAO	990016	386	Serviço	990016-333/2025	Confecção Pré-Moldados de Concreto	Catálogo do Compras.gov.br	Serviço	544	MONTAGEM E INSTALAÇÃO DE CONSTRUÇÕES PRÉ-FABRICADAS					-	0	0	18750	0	25/07/2025
ESP-SECRETARIA DA EDUCACAO	990016	387	Serviço	990016-334/2025	Instalação/Manutenção - Rede Distribuição Gás	Catálogo do Compras.gov.br	Serviço	872	SERVIÇOS DE REPARO DE OUTROS BENS					-	0	0	100000	0	25/07/2025
ESP-SECRETARIA DA EDUCACAO	990016	388	Serviço	990016-336/2025	Serviço de troca e manutenção de Calhas e Rufos	Catálogo do Compras.gov.br	Serviço	871	SERVIÇOS DE MANUTENÇÃO E REPARO DE PRODUTOS FABRICADOS DE METAL,MAQUINARIA E EQUIPAMENTOS					-	0	0	5000	0	25/07/2025
ESP-SECRETARIA DA EDUCACAO	990016	390	Serviço	990016-337/2025	Contratação do CIEE	Catálogo do Compras.gov.br	Serviço	929	OUTROS SERVIÇOS DE EDUCAÇÃO E TREINAMENTO					-	0	0	244800000	0	10/10/2025
ESP-SECRETARIA DA EDUCACAO	990016	391	Material	990016-338/2025	Aquisição de material para higiene intima	Catálogo do Compras.gov.br	Material	8540	ARTIGOS DE PAPEL PARA HIGIENE					-	0	0	973,5	0	28/08/2025
ESP-SECRETARIA DA EDUCACAO	990016	392	Serviço	990016-339/2025	Serviços de educação e treinamento	Catálogo do Compras.gov.br	Serviço	929	OUTROS SERVIÇOS DE EDUCAÇÃO E TREINAMENTO					-	0	0	4437850	0	30/09/2025
ESP-SECRETARIA DA EDUCACAO	990016	393	Material	990016-343/2025	AQUISIÇÃO DE BOLSAS E SACOLAS	Catálogo do Compras.gov.br	Material	8105	SACOS E BOLSAS					-	0	0	877,4	0	15/10/2025
ESP-SECRETARIA DA EDUCACAO	990016	394	Material	990016-342/2025	AQUISIÇÃO DE FORMULÁRIOS PADRONIZADOS	Catálogo do Compras.gov.br	Material	7540	FORMULÁRIOS PADRONIZADOS					-	0	0	1936,5	0	15/10/2025
ESP-SECRETARIA DA EDUCACAO	990016	395	Material	990016-341/2025	AQUISIÇÃO DE ACESSÓRIOS E DISPOSITIVOS PARA ESCRITÓRIO	Catálogo do Compras.gov.br	Material	7520	ACESSÓRIOS E DISPOSITIVOS PARA ESCRITÓRIO					-	0	0	256,3	0	15/10/2025
ESP-SECRETARIA DA EDUCACAO	990016	396	Material	990016-340/2025	AQUISIÇÃO DE SUPRIMENTOS FOTOGRÁFICOS	Catálogo do Compras.gov.br	Material	6750	SUPRIMENTOS FOTOGRÁFICOS					-	0	0	460,6	0	15/10/2025
ESP-SECRETARIA DA EDUCACAO	990016	397	Serviço	990016-344/2025	Serviço especializado de limpeza	Catálogo do Compras.gov.br	Serviço	853	SERVIÇOS DE LIMPEZA					-	0	0	67946813,5	0	20/11/2025
ESP-SECRETARIA DA EDUCACAO	990016	398	Material	990016-346/2025	PERFUMES, ARTIGOS PARA TOALETE E TOUCADOR	Catálogo do Compras.gov.br	Material	8510	PERFUMES, ARTIGOS PARA TOALETE E TOUCADOR					-	0	0	462	0	11/09/2025
ESP-SECRETARIA DA EDUCACAO	990016	399	Material	990016-345/2025	Dispositivos para instalações hidráulicas	Catálogo do Compras.gov.br	Material	4510	DISPOSITIVOS E ACESSÓRIOS PARA INSTALAÇÕES HIDRÁULICAS					-	0	0	579,45	0	11/09/2025
ESP-SECRETARIA DA EDUCACAO	990016	400	Material	990016-347/2025	Aquisição de Café	Catálogo do Compras.gov.br	Material	8955	CAFÉ, CHÁ E CHOCOLATE					-	0	0	6259,5	0	01/09/2025
ESP-SECRETARIA DA EDUCACAO	990016	401	Serviço	990016-351/2025	Consultoria e Assessoria - Transporte	Catálogo do Compras.gov.br	Serviço	831	SERVIÇOS DE CONSULTORIA E DE GERÊNCIA/GESTÃO					-	0	0	39905603	0	03/11/2025
ESP-SECRETARIA DA EDUCACAO	990016	402	Serviço	990016-352/2025	Contratação de serviços de hospedagem e alimentação -	Catálogo do Compras.gov.br	Serviço	631	SERVIÇOS DE ALOJAMENTO					-	0	0	4352,46	0	08/09/2025
ESP-SECRETARIA DA EDUCACAO	990016	403	Material	990016-353/2025	Aquisição de mobiliários- Mesa reta	Catálogo do Compras.gov.br	Material	7110	MOBILIÁRIO PARA ESCRITÓRIO					-	0	0	205378	0	01/10/2025
ESP-SECRETARIA DA EDUCACAO	990016	404	Serviço	990016-354/2025	Confecção de Crachá	Catálogo do Compras.gov.br	Serviço	881	SERVIÇOS DE MANUFATURA EM INSUMOS FÍSICOS QUE SAO PROPRIEDADE DE OUTROS(EXCETO MAQUINARIA E EQUIPAMENTO)					-	0	0	653,3	0	30/09/2025
ESP-SECRETARIA DA EDUCACAO	990016	405	Serviço	990016-361/2025	Prestação de serviço de Vigilância patrimonial	Catálogo do Compras.gov.br	Serviço	852	SERVIÇOS DE INVESTIGAÇÃO E SEGURANÇA					-	0	0	833585,63	0	03/11/2025
ESP-SECRETARIA DA EDUCACAO	990016	406	Material	990016-360/2025	Aquisição de Objeto para Auxílio de Leitura	Catálogo do Compras.gov.br	Material	6650	INSTRUMENTOS ÓTICOS, EQUIPAMENTOS DE TESTE, COMPONENTES  E ACESSÓRIOS					-	0	0	619,73	0	30/09/2025
ESP-SECRETARIA DA EDUCACAO	990016	407	Serviço	990016-359/2025	Prestação de serviços de instalação de placa de Identificação e Placa de Sinalização	Catálogo do Compras.gov.br	Serviço	873	SERVIÇOS DE INSTALAÇÃO(À EXCEÇÃO DA CONSTRUÇÃO)					-	0	0	1349,3	0	08/09/2025
ESP-SECRETARIA DA EDUCACAO	990016	408	Material	990016-358/2025	Objetos Para Organização e Higiene	Catálogo do Compras.gov.br	Material	7240	RECEPIENTES PARA USO DOMÉSTICO E COMERCIAL					-	0	0	839,51	0	30/09/2025
ESP-SECRETARIA DA EDUCACAO	990016	409	Material	990016-358/2025	Objetos Para Organização e Higiene	Catálogo do Compras.gov.br	Material	7240	RECEPIENTES PARA USO DOMÉSTICO E COMERCIAL					-	0	0	3161,25	0	30/09/2025
ESP-SECRETARIA DA EDUCACAO	990016	410	Material	990016-358/2025	Objetos Para Organização e Higiene	Catálogo do Compras.gov.br	Material	7240	RECEPIENTES PARA USO DOMÉSTICO E COMERCIAL					-	0	0	343,6	0	30/09/2025
ESP-SECRETARIA DA EDUCACAO	990016	411	Material	990016-358/2025	Objetos Para Organização e Higiene	Catálogo do Compras.gov.br	Material	7240	RECEPIENTES PARA USO DOMÉSTICO E COMERCIAL					-	0	0	113,42	0	30/09/2025
ESP-SECRETARIA DA EDUCACAO	990016	412	Material	990016-358/2025	Objetos Para Organização e Higiene	Catálogo do Compras.gov.br	Material	7240	RECEPIENTES PARA USO DOMÉSTICO E COMERCIAL					-	0	0	163,38	0	30/09/2025
ESP-SECRETARIA DA EDUCACAO	990016	413	Material	990016-357/2025	Aquisição de Revestimento de Pisos	Catálogo do Compras.gov.br	Material	7220	REVESTIMENTOS PARA PISOS					-	0	0	967,52	0	30/09/2025
ESP-SECRETARIA DA EDUCACAO	990016	414	Material	990016-356/2025	Aquisição de objetos para Refeições	Catálogo do Compras.gov.br	Material	7360	JOGOS, CONJUNTOS  E  EQUIPAMENTOS PARA PREPARAR E SERVIR ALIMENTOS					-	0	0	246,3	0	30/09/2025
ESP-SECRETARIA DA EDUCACAO	990016	415	Material	990016-356/2025	Aquisição de objetos para Refeições	Catálogo do Compras.gov.br	Material	7360	JOGOS, CONJUNTOS  E  EQUIPAMENTOS PARA PREPARAR E SERVIR ALIMENTOS					-	0	0	317,46	0	30/09/2025
ESP-SECRETARIA DA EDUCACAO	990016	416	Material	990016-362/2025	Aquisição de equipamentos	Catálogo do Compras.gov.br	Material	7290	UTENSÍLIOS COMERCIAIS E DOMÉSTICOS DIVERSOS					-	0	0	593,6	0	15/10/2025
ESP-SECRETARIA DA EDUCACAO	990016	417	Serviço	990016-363/2025	Manutenção de Elevadores	Catálogo do Compras.gov.br	Serviço	871	SERVIÇOS DE MANUTENÇÃO E REPARO DE PRODUTOS FABRICADOS DE METAL,MAQUINARIA E EQUIPAMENTOS					-	0	0	198000	0	30/12/2025
ESP-SECRETARIA DA EDUCACAO	990016	418	Serviço	990016-364/2025	Serviços de Dedetização em Prédios Públicos	Catálogo do Compras.gov.br	Serviço	943	SERVIÇOS DE SANEAMENTO E SERVIÇOS SIMILARES					-	0	0	4680	0	01/10/2025
ESP-SECRETARIA DA EDUCACAO	990016	419	Serviço	990016-365/2025	Contratação Intercâmbio Prontos pro Mundo	Catálogo do Compras.gov.br	Serviço	979	OUTROS SERVIÇOS DIVERSOS/MISCELÂNEA					-	0	0	186942085	0	30/12/2025
ESP-SECRETARIA DA EDUCACAO	990016	420	Material	990016-366/2025	Aquisição de prateleiras em aço para acervo	Catálogo do Compras.gov.br	Material	7125	ARMÁRIOS E ESTANTES					-	0	0	5600	0	10/10/2025
ESP-SECRETARIA DA EDUCACAO	990016	421	Material	990016-367/2025	Aquisição de Freezer horizontal 400L	Catálogo do Compras.gov.br	Material	4110	EQUIPAMENTO PARA REFRIGERAÇÃO					-	0	0	3455,75	0	10/12/2025
ESP-SECRETARIA DA EDUCACAO	990016	422	Material	990016-368/2025	Aquisição de materiais de consumo	Catálogo do Compras.gov.br	Material	8135	MATERIAIS A GRANEL PARA ACONDICIONAMENTO E EMBALAGEM					-	0	0	1081,6	0	14/10/2025
ESP-SECRETARIA DA EDUCACAO	990016	423	Material	990016-368/2025	Aquisição de materiais de consumo	Catálogo do Compras.gov.br	Material	8040	ADESIVOS					-	0	0	23,2	0	14/10/2025
ESP-SECRETARIA DA EDUCACAO	990016	424	Material	990016-368/2025	Aquisição de materiais de consumo	Catálogo do Compras.gov.br	Material	6840	PESTICIDAS E DESINFETANTES					-	0	0	536,8	0	14/10/2025
ESP-SECRETARIA DA EDUCACAO	990016	425	Serviço	990016-369/2025	Prestação de produtos e serviços por meio de Pacote de Serviços dos CORREIOS	Catálogo do Compras.gov.br	Serviço	681	SERVIÇOS POSTAL E DE CORREIO					-	0	0	2700000	0	30/12/2025
ESP-SECRETARIA DA EDUCACAO	990016	426	Material	990016-371/2025	Aquisição de Carimbos	Catálogo do Compras.gov.br	Material	7520	ACESSÓRIOS E DISPOSITIVOS PARA ESCRITÓRIO					-	0	0	4000	0	31/10/2025
ESP-SECRETARIA DA EDUCACAO	990016	427	Material	990016-370/2025	Aquisição de Capa de Processo	Catálogo do Compras.gov.br	Material	7530	FORMULÁRIOS OFICIAIS					-	0	0	3020	0	03/11/2025
ESP-SECRETARIA DA EDUCACAO	990016	428	Serviço	990016-372/2025	Pretensão administrativa de locação do imóvel localizado no Distribution Park Cajamar	Catálogo do Compras.gov.br	Serviço	722	SERVIÇOS IMOBILIÁRIOS COMISSIONADOS OU POR CONTRATO					-	0	0	4590	0	31/10/2025
ESP-SECRETARIA DA EDUCACAO	990016	429	Material	990016-373/2025	Materiais para atender às necessidades operacionais do SEINTEC e demais setores da URE	Catálogo do Compras.gov.br	Material	7290	UTENSÍLIOS COMERCIAIS E DOMÉSTICOS DIVERSOS					-	0	0	419,64	0	21/10/2025
